

use jagruk_bharat;
-- MySQL dump 10.13  Distrib 5.7.13, for Linux (x86_64)
--
-- Host: localhost    Database: jagruk_bharat
-- ------------------------------------------------------
-- Server version	5.7.13-0ubuntu0.16.04.2

/*!40101 SET @OLD_CHARACTER_SET_CLIENT=@@CHARACTER_SET_CLIENT */;
/*!40101 SET @OLD_CHARACTER_SET_RESULTS=@@CHARACTER_SET_RESULTS */;
/*!40101 SET @OLD_COLLATION_CONNECTION=@@COLLATION_CONNECTION */;
/*!40101 SET NAMES utf8 */;
/*!40103 SET @OLD_TIME_ZONE=@@TIME_ZONE */;
/*!40103 SET TIME_ZONE='+00:00' */;
/*!40014 SET @OLD_UNIQUE_CHECKS=@@UNIQUE_CHECKS, UNIQUE_CHECKS=0 */;
/*!40014 SET @OLD_FOREIGN_KEY_CHECKS=@@FOREIGN_KEY_CHECKS, FOREIGN_KEY_CHECKS=0 */;
/*!40101 SET @OLD_SQL_MODE=@@SQL_MODE, SQL_MODE='NO_AUTO_VALUE_ON_ZERO' */;
/*!40111 SET @OLD_SQL_NOTES=@@SQL_NOTES, SQL_NOTES=0 */;

--
-- Table structure for table `auth_group`
--

DROP TABLE IF EXISTS `auth_group`;
/*!40101 SET @saved_cs_client     = @@character_set_client */;
/*!40101 SET character_set_client = utf8 */;
CREATE TABLE `auth_group` (
  `id` int(11) NOT NULL AUTO_INCREMENT,
  `name` varchar(80) NOT NULL,
  PRIMARY KEY (`id`),
  UNIQUE KEY `name` (`name`)
) ENGINE=InnoDB DEFAULT CHARSET=latin1;
/*!40101 SET character_set_client = @saved_cs_client */;

--
-- Dumping data for table `auth_group`
--

LOCK TABLES `auth_group` WRITE;
/*!40000 ALTER TABLE `auth_group` DISABLE KEYS */;
/*!40000 ALTER TABLE `auth_group` ENABLE KEYS */;
UNLOCK TABLES;

--
-- Table structure for table `auth_group_permissions`
--

DROP TABLE IF EXISTS `auth_group_permissions`;
/*!40101 SET @saved_cs_client     = @@character_set_client */;
/*!40101 SET character_set_client = utf8 */;
CREATE TABLE `auth_group_permissions` (
  `id` int(11) NOT NULL AUTO_INCREMENT,
  `group_id` int(11) NOT NULL,
  `permission_id` int(11) NOT NULL,
  PRIMARY KEY (`id`),
  UNIQUE KEY `auth_group_permissions_group_id_0cd325b0_uniq` (`group_id`,`permission_id`),
  KEY `auth_group_permissi_permission_id_84c5c92e_fk_auth_permission_id` (`permission_id`),
  CONSTRAINT `auth_group_permissi_permission_id_84c5c92e_fk_auth_permission_id` FOREIGN KEY (`permission_id`) REFERENCES `auth_permission` (`id`),
  CONSTRAINT `auth_group_permissions_group_id_b120cbf9_fk_auth_group_id` FOREIGN KEY (`group_id`) REFERENCES `auth_group` (`id`)
) ENGINE=InnoDB DEFAULT CHARSET=latin1;
/*!40101 SET character_set_client = @saved_cs_client */;

--
-- Dumping data for table `auth_group_permissions`
--

LOCK TABLES `auth_group_permissions` WRITE;
/*!40000 ALTER TABLE `auth_group_permissions` DISABLE KEYS */;
/*!40000 ALTER TABLE `auth_group_permissions` ENABLE KEYS */;
UNLOCK TABLES;

--
-- Table structure for table `auth_permission`
--

DROP TABLE IF EXISTS `auth_permission`;
/*!40101 SET @saved_cs_client     = @@character_set_client */;
/*!40101 SET character_set_client = utf8 */;
CREATE TABLE `auth_permission` (
  `id` int(11) NOT NULL AUTO_INCREMENT,
  `name` varchar(255) NOT NULL,
  `content_type_id` int(11) NOT NULL,
  `codename` varchar(100) NOT NULL,
  PRIMARY KEY (`id`),
  UNIQUE KEY `auth_permission_content_type_id_01ab375a_uniq` (`content_type_id`,`codename`),
  CONSTRAINT `auth_permissi_content_type_id_2f476e4b_fk_django_content_type_id` FOREIGN KEY (`content_type_id`) REFERENCES `django_content_type` (`id`)
) ENGINE=InnoDB AUTO_INCREMENT=31 DEFAULT CHARSET=latin1;
/*!40101 SET character_set_client = @saved_cs_client */;

--
-- Dumping data for table `auth_permission`
--

LOCK TABLES `auth_permission` WRITE;
/*!40000 ALTER TABLE `auth_permission` DISABLE KEYS */;
INSERT INTO `auth_permission` VALUES (1,'Can add log entry',1,'add_logentry'),(2,'Can change log entry',1,'change_logentry'),(3,'Can delete log entry',1,'delete_logentry'),(4,'Can add permission',2,'add_permission'),(5,'Can change permission',2,'change_permission'),(6,'Can delete permission',2,'delete_permission'),(7,'Can add group',3,'add_group'),(8,'Can change group',3,'change_group'),(9,'Can delete group',3,'delete_group'),(10,'Can add user',4,'add_user'),(11,'Can change user',4,'change_user'),(12,'Can delete user',4,'delete_user'),(13,'Can add content type',5,'add_contenttype'),(14,'Can change content type',5,'change_contenttype'),(15,'Can delete content type',5,'delete_contenttype'),(16,'Can add session',6,'add_session'),(17,'Can change session',6,'change_session'),(18,'Can delete session',6,'delete_session'),(19,'Can add user',7,'add_user'),(20,'Can change user',7,'change_user'),(21,'Can delete user',7,'delete_user'),(22,'Can add token',8,'add_token'),(23,'Can change token',8,'change_token'),(24,'Can delete token',8,'delete_token'),(25,'Can add data',9,'add_data'),(26,'Can change data',9,'change_data'),(27,'Can delete data',9,'delete_data'),(28,'Can add projects',10,'add_projects'),(29,'Can change projects',10,'change_projects'),(30,'Can delete projects',10,'delete_projects');
/*!40000 ALTER TABLE `auth_permission` ENABLE KEYS */;
UNLOCK TABLES;

--
-- Table structure for table `auth_user`
--

DROP TABLE IF EXISTS `auth_user`;
/*!40101 SET @saved_cs_client     = @@character_set_client */;
/*!40101 SET character_set_client = utf8 */;
CREATE TABLE `auth_user` (
  `id` int(11) NOT NULL AUTO_INCREMENT,
  `password` varchar(128) NOT NULL,
  `last_login` datetime(6) DEFAULT NULL,
  `is_superuser` tinyint(1) NOT NULL,
  `username` varchar(30) NOT NULL,
  `first_name` varchar(30) NOT NULL,
  `last_name` varchar(30) NOT NULL,
  `email` varchar(254) NOT NULL,
  `is_staff` tinyint(1) NOT NULL,
  `is_active` tinyint(1) NOT NULL,
  `date_joined` datetime(6) NOT NULL,
  PRIMARY KEY (`id`),
  UNIQUE KEY `username` (`username`)
) ENGINE=InnoDB DEFAULT CHARSET=latin1;
/*!40101 SET character_set_client = @saved_cs_client */;

--
-- Dumping data for table `auth_user`
--

LOCK TABLES `auth_user` WRITE;
/*!40000 ALTER TABLE `auth_user` DISABLE KEYS */;
/*!40000 ALTER TABLE `auth_user` ENABLE KEYS */;
UNLOCK TABLES;

--
-- Table structure for table `auth_user_groups`
--

DROP TABLE IF EXISTS `auth_user_groups`;
/*!40101 SET @saved_cs_client     = @@character_set_client */;
/*!40101 SET character_set_client = utf8 */;
CREATE TABLE `auth_user_groups` (
  `id` int(11) NOT NULL AUTO_INCREMENT,
  `user_id` int(11) NOT NULL,
  `group_id` int(11) NOT NULL,
  PRIMARY KEY (`id`),
  UNIQUE KEY `auth_user_groups_user_id_94350c0c_uniq` (`user_id`,`group_id`),
  KEY `auth_user_groups_group_id_97559544_fk_auth_group_id` (`group_id`),
  CONSTRAINT `auth_user_groups_group_id_97559544_fk_auth_group_id` FOREIGN KEY (`group_id`) REFERENCES `auth_group` (`id`),
  CONSTRAINT `auth_user_groups_user_id_6a12ed8b_fk_auth_user_id` FOREIGN KEY (`user_id`) REFERENCES `auth_user` (`id`)
) ENGINE=InnoDB DEFAULT CHARSET=latin1;
/*!40101 SET character_set_client = @saved_cs_client */;

--
-- Dumping data for table `auth_user_groups`
--

LOCK TABLES `auth_user_groups` WRITE;
/*!40000 ALTER TABLE `auth_user_groups` DISABLE KEYS */;
/*!40000 ALTER TABLE `auth_user_groups` ENABLE KEYS */;
UNLOCK TABLES;

--
-- Table structure for table `auth_user_user_permissions`
--

DROP TABLE IF EXISTS `auth_user_user_permissions`;
/*!40101 SET @saved_cs_client     = @@character_set_client */;
/*!40101 SET character_set_client = utf8 */;
CREATE TABLE `auth_user_user_permissions` (
  `id` int(11) NOT NULL AUTO_INCREMENT,
  `user_id` int(11) NOT NULL,
  `permission_id` int(11) NOT NULL,
  PRIMARY KEY (`id`),
  UNIQUE KEY `auth_user_user_permissions_user_id_14a6b632_uniq` (`user_id`,`permission_id`),
  KEY `auth_user_user_perm_permission_id_1fbb5f2c_fk_auth_permission_id` (`permission_id`),
  CONSTRAINT `auth_user_user_perm_permission_id_1fbb5f2c_fk_auth_permission_id` FOREIGN KEY (`permission_id`) REFERENCES `auth_permission` (`id`),
  CONSTRAINT `auth_user_user_permissions_user_id_a95ead1b_fk_auth_user_id` FOREIGN KEY (`user_id`) REFERENCES `auth_user` (`id`)
) ENGINE=InnoDB DEFAULT CHARSET=latin1;
/*!40101 SET character_set_client = @saved_cs_client */;

--
-- Dumping data for table `auth_user_user_permissions`
--

LOCK TABLES `auth_user_user_permissions` WRITE;
/*!40000 ALTER TABLE `auth_user_user_permissions` DISABLE KEYS */;
/*!40000 ALTER TABLE `auth_user_user_permissions` ENABLE KEYS */;
UNLOCK TABLES;

--
-- Table structure for table `authtoken_token`
--

DROP TABLE IF EXISTS `authtoken_token`;
/*!40101 SET @saved_cs_client     = @@character_set_client */;
/*!40101 SET character_set_client = utf8 */;
CREATE TABLE `authtoken_token` (
  `key` varchar(40) NOT NULL,
  `created` datetime(6) NOT NULL,
  `user_id` int(11) NOT NULL,
  PRIMARY KEY (`key`),
  UNIQUE KEY `user_id` (`user_id`),
  CONSTRAINT `authtoken_token_user_id_35299eff_fk_auth_user_id` FOREIGN KEY (`user_id`) REFERENCES `auth_user` (`id`)
) ENGINE=InnoDB DEFAULT CHARSET=latin1;
/*!40101 SET character_set_client = @saved_cs_client */;

--
-- Dumping data for table `authtoken_token`
--

LOCK TABLES `authtoken_token` WRITE;
/*!40000 ALTER TABLE `authtoken_token` DISABLE KEYS */;
/*!40000 ALTER TABLE `authtoken_token` ENABLE KEYS */;
UNLOCK TABLES;

--
-- Table structure for table `django_admin_log`
--

DROP TABLE IF EXISTS `django_admin_log`;
/*!40101 SET @saved_cs_client     = @@character_set_client */;
/*!40101 SET character_set_client = utf8 */;
CREATE TABLE `django_admin_log` (
  `id` int(11) NOT NULL AUTO_INCREMENT,
  `action_time` datetime(6) NOT NULL,
  `object_id` longtext,
  `object_repr` varchar(200) NOT NULL,
  `action_flag` smallint(5) unsigned NOT NULL,
  `change_message` longtext NOT NULL,
  `content_type_id` int(11) DEFAULT NULL,
  `user_id` int(11) NOT NULL,
  PRIMARY KEY (`id`),
  KEY `django_admin__content_type_id_c4bce8eb_fk_django_content_type_id` (`content_type_id`),
  KEY `django_admin_log_user_id_c564eba6_fk_auth_user_id` (`user_id`),
  CONSTRAINT `django_admin__content_type_id_c4bce8eb_fk_django_content_type_id` FOREIGN KEY (`content_type_id`) REFERENCES `django_content_type` (`id`),
  CONSTRAINT `django_admin_log_user_id_c564eba6_fk_auth_user_id` FOREIGN KEY (`user_id`) REFERENCES `auth_user` (`id`)
) ENGINE=InnoDB DEFAULT CHARSET=latin1;
/*!40101 SET character_set_client = @saved_cs_client */;

--
-- Dumping data for table `django_admin_log`
--

LOCK TABLES `django_admin_log` WRITE;
/*!40000 ALTER TABLE `django_admin_log` DISABLE KEYS */;
/*!40000 ALTER TABLE `django_admin_log` ENABLE KEYS */;
UNLOCK TABLES;

--
-- Table structure for table `django_content_type`
--

DROP TABLE IF EXISTS `django_content_type`;
/*!40101 SET @saved_cs_client     = @@character_set_client */;
/*!40101 SET character_set_client = utf8 */;
CREATE TABLE `django_content_type` (
  `id` int(11) NOT NULL AUTO_INCREMENT,
  `app_label` varchar(100) NOT NULL,
  `model` varchar(100) NOT NULL,
  PRIMARY KEY (`id`),
  UNIQUE KEY `django_content_type_app_label_76bd3d3b_uniq` (`app_label`,`model`)
) ENGINE=InnoDB AUTO_INCREMENT=11 DEFAULT CHARSET=latin1;
/*!40101 SET character_set_client = @saved_cs_client */;

--
-- Dumping data for table `django_content_type`
--

LOCK TABLES `django_content_type` WRITE;
/*!40000 ALTER TABLE `django_content_type` DISABLE KEYS */;
INSERT INTO `django_content_type` VALUES (1,'admin','logentry'),(3,'auth','group'),(2,'auth','permission'),(4,'auth','user'),(8,'authtoken','token'),(5,'contenttypes','contenttype'),(9,'myapp','data'),(10,'myapp','projects'),(7,'myapp','user'),(6,'sessions','session');
/*!40000 ALTER TABLE `django_content_type` ENABLE KEYS */;
UNLOCK TABLES;

--
-- Table structure for table `django_migrations`
--

DROP TABLE IF EXISTS `django_migrations`;
/*!40101 SET @saved_cs_client     = @@character_set_client */;
/*!40101 SET character_set_client = utf8 */;
CREATE TABLE `django_migrations` (
  `id` int(11) NOT NULL AUTO_INCREMENT,
  `app` varchar(255) NOT NULL,
  `name` varchar(255) NOT NULL,
  `applied` datetime(6) NOT NULL,
  PRIMARY KEY (`id`)
) ENGINE=InnoDB AUTO_INCREMENT=18 DEFAULT CHARSET=latin1;
/*!40101 SET character_set_client = @saved_cs_client */;

--
-- Dumping data for table `django_migrations`
--

LOCK TABLES `django_migrations` WRITE;
/*!40000 ALTER TABLE `django_migrations` DISABLE KEYS */;
INSERT INTO `django_migrations` VALUES (1,'contenttypes','0001_initial','2016-08-13 09:29:38.990267'),(2,'auth','0001_initial','2016-08-13 09:29:52.405830'),(3,'admin','0001_initial','2016-08-13 09:29:55.077768'),(4,'admin','0002_logentry_remove_auto_add','2016-08-13 09:29:55.313552'),(5,'contenttypes','0002_remove_content_type_name','2016-08-13 09:29:56.873706'),(6,'auth','0002_alter_permission_name_max_length','2016-08-13 09:29:57.117218'),(7,'auth','0003_alter_user_email_max_length','2016-08-13 09:29:57.373123'),(8,'auth','0004_alter_user_username_opts','2016-08-13 09:29:57.456809'),(9,'auth','0005_alter_user_last_login_null','2016-08-13 09:29:58.153872'),(10,'auth','0006_require_contenttypes_0002','2016-08-13 09:29:58.208917'),(11,'auth','0007_alter_validators_add_error_messages','2016-08-13 09:29:58.331411'),(12,'myapp','0001_initial','2016-08-13 09:29:58.766895'),(13,'sessions','0001_initial','2016-08-13 09:29:59.457828'),(14,'authtoken','0001_initial','2016-08-13 16:35:59.512273'),(15,'myapp','0002_data_projects','2016-08-13 16:36:00.837349'),(16,'myapp','0003_auto_20160813_1707','2016-08-13 17:07:48.950492'),(17,'myapp','0004_auto_20160813_1724','2016-08-13 17:24:34.111716');
/*!40000 ALTER TABLE `django_migrations` ENABLE KEYS */;
UNLOCK TABLES;

--
-- Table structure for table `django_session`
--

DROP TABLE IF EXISTS `django_session`;
/*!40101 SET @saved_cs_client     = @@character_set_client */;
/*!40101 SET character_set_client = utf8 */;
CREATE TABLE `django_session` (
  `session_key` varchar(40) NOT NULL,
  `session_data` longtext NOT NULL,
  `expire_date` datetime(6) NOT NULL,
  PRIMARY KEY (`session_key`),
  KEY `django_session_de54fa62` (`expire_date`)
) ENGINE=InnoDB DEFAULT CHARSET=latin1;
/*!40101 SET character_set_client = @saved_cs_client */;

--
-- Dumping data for table `django_session`
--

LOCK TABLES `django_session` WRITE;
/*!40000 ALTER TABLE `django_session` DISABLE KEYS */;
INSERT INTO `django_session` VALUES ('py9grkel927zvoc8swb51vulin9h507f','YmQxYjVjOTQxYWVhZTg5MmViMDZkZmRhNDc0N2RmOTBiZGY2MThiNjp7InVzZXJuYW1lIjoiTGFsaXRjMzc1In0=','2016-08-27 11:28:55.548750');
/*!40000 ALTER TABLE `django_session` ENABLE KEYS */;
UNLOCK TABLES;

--
-- Table structure for table `myapp_data`
--

DROP TABLE IF EXISTS `myapp_data`;
/*!40101 SET @saved_cs_client     = @@character_set_client */;
/*!40101 SET character_set_client = utf8 */;
CREATE TABLE `myapp_data` (
  `id` int(11) NOT NULL AUTO_INCREMENT,
  `type` varchar(100) NOT NULL,
  `area` varchar(100) NOT NULL,
  `title` varchar(1000) NOT NULL,
  `description` varchar(2000) NOT NULL,
  `date` date NOT NULL,
  `state` varchar(100) NOT NULL,
  `district` varchar(100) NOT NULL,
  `for_whom` varchar(100) NOT NULL,
  PRIMARY KEY (`id`)
) ENGINE=InnoDB AUTO_INCREMENT=122 DEFAULT CHARSET=latin1;
/*!40101 SET character_set_client = @saved_cs_client */;

--
-- Dumping data for table `myapp_data`
--

LOCK TABLES `myapp_data` WRITE;
/*!40000 ALTER TABLE `myapp_data` DISABLE KEYS */;
INSERT INTO `myapp_data` VALUES (19,'schemes','both','<h4 class=\"article-title\"><a href=\"http://www.sarkariyojna.co.in/1-crore-led-bulbs-distributed-ujala-gujarat-yojana/\" title=\"1.20 Crore LED Bulbs Distributed Under Ujala Gujarat Yojana\">1.20 Crore LED Bulbs Distributed Under Ujala Gujarat Yojana</a></h4>','<p>Ujala Gujarat Yojana, launched on 26th May by the Chief Minister Anandi Ben Patel has seen a great response from the consumers in the state. Within 2 months of launch, about 1.20 Crore LED bulbs have been distributed under the scheme to 24 lakh families. On an average, consumers are buying about 2 Lakh LED •  <a class=\"read-more\" href=\"http://www.sarkariyojna.co.in/1-crore-led-bulbs-distributed-ujala-gujarat-yojana/\"> Read More »</a></p>','2016-08-13','gujarat','all','all'),(20,'schemes','both','<h4 class=\"article-title\"><a href=\"http://www.sarkariyojna.co.in/doodh-sanjeevani-yojana-dsy-extended/\" title=\"Doodh Sanjeevani Yojana (DSY) to be Extended in Surendaranagar\">Doodh Sanjeevani Yojana (DSY) to be Extended in Surendaranagar</a></h4>','<p>Doodh Sanjeevani Yojana, an initiative of state Government of Gujarat to tackle malnourishment will now be extended to three talukas of Surendaranagar district. As per the announcement made by the CM of Gujarat, Doodh Sanjeevani Yojana will now be extended to Dhrangadhra, Patdi and Lakhtar. Under the Yojana, the primary school children in these three •  <a class=\"read-more\" href=\"http://www.sarkariyojna.co.in/doodh-sanjeevani-yojana-dsy-extended/\"> Read More »</a></p>','2016-08-13','gujarat','all','all'),(21,'schemes','both','<h4 class=\"article-title\"><a href=\"http://www.sarkariyojna.co.in/ujala-gujarat-yojana-led-bulb-prices-reduced/\" title=\"Ujala Gujarat Yojana LED Bulb Prices Reduced\">Ujala Gujarat Yojana LED Bulb Prices Reduced</a></h4>','<p>Gujarat Government has reduced the prices of LED bulbs being distributed under the Ujala Gujarat Yojana. The prices of the LED bulbs have been reduced by Rs. 10. The LED bulbs under the Ujala Yojana will be available at Rs. 70-75 instead of Rs. 80-85. The reduced prices will be effective from Monday onward. At •  <a class=\"read-more\" href=\"http://www.sarkariyojna.co.in/ujala-gujarat-yojana-led-bulb-prices-reduced/\"> Read More »</a></p>','2016-08-13','gujarat','all','all'),(22,'schemes','both','<h4 class=\"article-title\"><a href=\"http://www.sarkariyojna.co.in/ujala-gujarat-yojana-led-bulb-scheme/\" title=\"Ujala Gujarat Yojana for Distribution of LED Bulbs\">Ujala Gujarat Yojana for Distribution of LED Bulbs</a></h4>','<p>Gujarat Government has launched the Ujala Gujarat Yojana for distribution of energy saving LED bulbs across the state. The Ujala Gujarat Yojana has been launched under the central government’s Ujala Yojana scheme at a function in Vadodara. Objective of Ujala Gujarat Yojana The state government has set a target of providing LED bulbs to 1.21 •  <a class=\"read-more\" href=\"http://www.sarkariyojna.co.in/ujala-gujarat-yojana-led-bulb-scheme/\"> Read More »</a></p>','2016-08-13','gujarat','all','all'),(23,'schemes','both','<h4 class=\"article-title\"><a href=\"http://www.sarkariyojna.co.in/mukhya-mantri-gruh-yojana-housing-scheme-gujarat/\" title=\"Mukhya Mantri Gruh Yojana – Housing Scheme in Gujarat\">Mukhya Mantri Gruh Yojana – Housing Scheme in Gujarat</a></h4>','<p>Mukhya Mantri GRUH Yojana where GRUH stands for “Gujarat Rural Urban Housing” is an affordable housing scheme especially designed for home seekers belonging to EWS and LIG category of the society. Mukhya Mantri (Gujarat Rural Urban Housing) GRUH Yojana was announced during 12th Five-year plan in consideration of growing need for affordable houses in urban •  <a class=\"read-more\" href=\"http://www.sarkariyojna.co.in/mukhya-mantri-gruh-yojana-housing-scheme-gujarat/\"> Read More »</a></p>','2016-08-13','gujarat','all','all'),(24,'schemes','both','<h4 class=\"article-title\"><a href=\"http://www.sarkariyojna.co.in/pradhan-mantri-ujjwala-yojana-gujarat-launched-15-may/\" title=\"Pradhan Mantri Ujjwala Yojana in Gujarat to be Launched on 15 May\">Pradhan Mantri Ujjwala Yojana in Gujarat to be Launched on 15 May</a></h4>','<p>After the official launch in Ballia, Uttar Pradesh on May 1 by PM Nerandra Modi, Pradhan Mantri Ujjwala Yojana is all set to be launched in the state of Gujarat. The PMUY free LPG connection scheme will be launched by BJP chief Amit Shah and Union Minister Dharmendra Pradhan on 15th May in Gujarat. The •  <a class=\"read-more\" href=\"http://www.sarkariyojna.co.in/pradhan-mantri-ujjwala-yojana-gujarat-launched-15-may/\"> Read More »</a></p>','2016-08-13','gujarat','all','all'),(25,'schemes','both','<h4 class=\"article-title\"><a href=\"http://www.sarkariyojna.co.in/mukhyamantri-nidan-yojana-free-medical-test-scheme-gujarat/\" title=\"Mukhyamantri Nidan Yojana – Free Medical Test Scheme in Gujarat\">Mukhyamantri Nidan Yojana – Free Medical Test Scheme in Gujarat</a></h4>','<p>Gujarat Government has launched “Mukhyamantri Nidan Yojana” in the state of Gujarat. The scheme aims to provide quality medical test and diagnostic services for free of charge. The scheme was launched and started on 7th April, “World Heath Day” Objective of Mukhyamantri Nidan Yojana Under the Mukhyamantri Nidan Yojana, free medical test and diagnostic services •  <a class=\"read-more\" href=\"http://www.sarkariyojna.co.in/mukhyamantri-nidan-yojana-free-medical-test-scheme-gujarat/\"> Read More »</a></p>','2016-08-13','gujarat','all','all'),(26,'schemes','both','<h4 class=\"article-title\"><a href=\"http://www.sarkariyojna.co.in/pm-ujjwala-yojana-launched-madhya-pradesh/\" title=\"PM Ujjwala Yojana Launched in Madhya Pradesh\">PM Ujjwala Yojana Launched in Madhya Pradesh</a></h4>','<p>Pradhan Mantri Ujjwala Yojana (PMUY) has been launched in Madhya Pradesh by the Chief Minister of Madhya Pradesh at Shahdol in the presence of Shri Dharmendra Pradhan, Minister of State (Independent Charge), Ministry of Petroleum and Natural Gas. At the event in Shahdol, the launch of PMUY was marked by distributing the LPG connections to •  <a class=\"read-more\" href=\"http://www.sarkariyojna.co.in/pm-ujjwala-yojana-launched-madhya-pradesh/\"> Read More »</a></p>','2016-08-13','madhya-pradesh','all','all'),(27,'schemes','both','<h4 class=\"article-title\"><a href=\"http://www.sarkariyojna.co.in/urja-daksh-led-bulb-ujala-yojana/\" title=\"Urja Daksh LED Bulb Ujala Yojana – LED Bulb Distribution Scheme\">Urja Daksh LED Bulb Ujala Yojana – LED Bulb Distribution Scheme</a></h4>','<p>Urja Daksh LED Bulb Ujala Yojana is a new scheme by the Government of Madhya Pradesh. Under the scheme, the state government will distribute 3 crore LED bulbs across the state of Madhya Pradesh. The LED bulbs under the scheme will be distributed at a very low price of Rs. 85 per bulb. Under the •  <a class=\"read-more\" href=\"http://www.sarkariyojna.co.in/urja-daksh-led-bulb-ujala-yojana/\"> Read More »</a></p>','2016-08-13','madhya-pradesh','all','all'),(28,'schemes','both','<h4 class=\"article-title\"><a href=\"http://www.sarkariyojna.co.in/mukhyamantri-yuva-udyami-yojana-mmyuy-application-form/\" title=\"Mukhyamantri Yuva Udyami Yojana (MMYUY) Application Form\">Mukhyamantri Yuva Udyami Yojana (MMYUY) Application Form</a></h4>','<p>Mukhyamantri Yuva Udyami Yojana is a finance scheme by the state Government of Madhya Pradesh to provide loans setup and grow manufacturing or service industry in any vertical. Under the scheme, the government provides loans from nationalized banks from Rs 10,00,000/- to Rs. 1 Crore to the eligible applicants and residents of Madhya Pradesh. Application •  <a class=\"read-more\" href=\"http://www.sarkariyojna.co.in/mukhyamantri-yuva-udyami-yojana-mmyuy-application-form/\"> Read More »</a></p>','2016-08-13','madhya-pradesh','all','all'),(29,'schemes','both','<h4 class=\"article-title\"><a href=\"http://www.sarkariyojna.co.in/mukhyamantri-yuva-udyami-yojana-madhya-pradesh/\" title=\"Mukhyamantri Yuva Udyami Yojana (MMYUY) in Madhya Pradesh\">Mukhyamantri Yuva Udyami Yojana (MMYUY) in Madhya Pradesh</a></h4>','<p>Mukhyamantri Yuva Udyami Yojana, launched on 01 August 2014 in Madhya Pradesh, the scheme is aimed to provide financial support to all categories of people for setting up manufacturing or service industry. Under the scheme, MP government will provide margin money help, interest grant, loan guarantee and training for setting up the industry. Objective of •  <a class=\"read-more\" href=\"http://www.sarkariyojna.co.in/mukhyamantri-yuva-udyami-yojana-madhya-pradesh/\"> Read More »</a></p>','2016-08-13','madhya-pradesh','all','all'),(30,'schemes','both','<h4 class=\"article-title\"><a href=\"http://www.sarkariyojna.co.in/gram-uday-se-bharat-uday-abhiyan-launched-april/\" title=\"Gram Uday Se Bharat Uday Abhiyan to be Launched in April\">Gram Uday Se Bharat Uday Abhiyan to be Launched in April</a></h4>','<p>Gram Uday Se Bharat Uday Abhiyan, a new initiative by Prime Minister Narendra Modi will be launched in the Mid April. The main objective of the Abhiyan is to learn ground realities of rural development schemes and making necessary changes in them. The Gram Uday Se Bharat Uday Abhiyan will ensure that the benefit of •  <a class=\"read-more\" href=\"http://www.sarkariyojna.co.in/gram-uday-se-bharat-uday-abhiyan-launched-april/\"> Read More »</a></p>','2016-08-13','madhya-pradesh','all','all'),(31,'schemes','both','<h4 class=\"article-title\"><a href=\"http://www.sarkariyojna.co.in/mukhyamantri-yuva-swarozgar-yojana-application-form/\" title=\"Mukhyamantri Yuva Swarozgar Yojana Application Form\">Mukhyamantri Yuva Swarozgar Yojana Application Form</a></h4>','<p>Mukhyamantri Yuva Swarozgar Yojana is a finance scheme by the state Government of Madhya Pradesh to provide loans without bank guarantee to setup and grow micro and small enterprises. Under the scheme, the government provides loans from nationalized banks from Rs 20,000/- to Rs. 10,00,000/- to the eligible applicants and residents of Madhya Pradesh. Application •  <a class=\"read-more\" href=\"http://www.sarkariyojna.co.in/mukhyamantri-yuva-swarozgar-yojana-application-form/\"> Read More »</a></p>','2016-08-13','madhya-pradesh','all','all'),(32,'schemes','both','<h4 class=\"article-title\"><a href=\"http://www.sarkariyojna.co.in/mukhyamantri-yuva-swarozgar-yojana-madhya-pradesh/\" title=\"Mukhyamantri Yuva Swarozgar Yojana (MMYSY) in Madhya Pradesh\">Mukhyamantri Yuva Swarozgar Yojana (MMYSY) in Madhya Pradesh</a></h4>','<p>Mukhyamantri Yuva Swarozgar Yojana (MMYSY), started on 1st August 2014 is a financial assistance scheme help people get loans from banks to setup their own small business. The MP Government under the scheme provides margin money assistance, interest subsidy, loan guarantee and training to the beneficiaries. The main objective of the scheme is to promote •  <a class=\"read-more\" href=\"http://www.sarkariyojna.co.in/mukhyamantri-yuva-swarozgar-yojana-madhya-pradesh/\"> Read More »</a></p>','2016-08-13','madhya-pradesh','all','all'),(33,'schemes','both','<h4 class=\"article-title\"><a href=\"http://www.sarkariyojna.co.in/20-atal-ashraya-yojana-housing-schemes-mp-coming-soon/\" title=\"20 Atal Ashraya Yojana Housing Schemes in MP Coming Soon\">20 Atal Ashraya Yojana Housing Schemes in MP Coming Soon</a></h4>','<p>MP Government has sanctioned 20 housing schemes under the Atal Ashraya Yojana to be implemented by the Madhya Pradesh Housing and Infrastructure Board in 2016. These housing schemes will be implemented under the Pradhan Mantri Awas Yojana. A benefit of 6.5 percent loan subsidy would be given on taking loans by beneficiaries under the scheme. •  <a class=\"read-more\" href=\"http://www.sarkariyojna.co.in/20-atal-ashraya-yojana-housing-schemes-mp-coming-soon/\"> Read More »</a></p>','2016-08-13','madhya-pradesh','all','all'),(34,'schemes','both','<h4 class=\"article-title\"><a href=\"http://www.sarkariyojna.co.in/pm-ujjwala-yojana-launched-madhya-pradesh/\" title=\"PM Ujjwala Yojana Launched in Madhya Pradesh\">PM Ujjwala Yojana Launched in Madhya Pradesh</a></h4>','<p>Pradhan Mantri Ujjwala Yojana (PMUY) has been launched in Madhya Pradesh by the Chief Minister of Madhya Pradesh at Shahdol in the presence of Shri Dharmendra Pradhan, Minister of State (Independent Charge), Ministry of Petroleum and Natural Gas. At the event in Shahdol, the launch of PMUY was marked by distributing the LPG connections to •  <a class=\"read-more\" href=\"http://www.sarkariyojna.co.in/pm-ujjwala-yojana-launched-madhya-pradesh/\"> Read More »</a></p>','2016-08-13','madhya-pradesh','all','all'),(35,'schemes','both','<h4 class=\"article-title\"><a href=\"http://www.sarkariyojna.co.in/urja-daksh-led-bulb-ujala-yojana/\" title=\"Urja Daksh LED Bulb Ujala Yojana – LED Bulb Distribution Scheme\">Urja Daksh LED Bulb Ujala Yojana – LED Bulb Distribution Scheme</a></h4>','<p>Urja Daksh LED Bulb Ujala Yojana is a new scheme by the Government of Madhya Pradesh. Under the scheme, the state government will distribute 3 crore LED bulbs across the state of Madhya Pradesh. The LED bulbs under the scheme will be distributed at a very low price of Rs. 85 per bulb. Under the •  <a class=\"read-more\" href=\"http://www.sarkariyojna.co.in/urja-daksh-led-bulb-ujala-yojana/\"> Read More »</a></p>','2016-08-13','madhya-pradesh','all','all'),(36,'schemes','both','<h4 class=\"article-title\"><a href=\"http://www.sarkariyojna.co.in/mukhyamantri-yuva-udyami-yojana-mmyuy-application-form/\" title=\"Mukhyamantri Yuva Udyami Yojana (MMYUY) Application Form\">Mukhyamantri Yuva Udyami Yojana (MMYUY) Application Form</a></h4>','<p>Mukhyamantri Yuva Udyami Yojana is a finance scheme by the state Government of Madhya Pradesh to provide loans setup and grow manufacturing or service industry in any vertical. Under the scheme, the government provides loans from nationalized banks from Rs 10,00,000/- to Rs. 1 Crore to the eligible applicants and residents of Madhya Pradesh. Application •  <a class=\"read-more\" href=\"http://www.sarkariyojna.co.in/mukhyamantri-yuva-udyami-yojana-mmyuy-application-form/\"> Read More »</a></p>','2016-08-13','madhya-pradesh','all','all'),(37,'schemes','both','<h4 class=\"article-title\"><a href=\"http://www.sarkariyojna.co.in/mukhyamantri-yuva-udyami-yojana-madhya-pradesh/\" title=\"Mukhyamantri Yuva Udyami Yojana (MMYUY) in Madhya Pradesh\">Mukhyamantri Yuva Udyami Yojana (MMYUY) in Madhya Pradesh</a></h4>','<p>Mukhyamantri Yuva Udyami Yojana, launched on 01 August 2014 in Madhya Pradesh, the scheme is aimed to provide financial support to all categories of people for setting up manufacturing or service industry. Under the scheme, MP government will provide margin money help, interest grant, loan guarantee and training for setting up the industry. Objective of •  <a class=\"read-more\" href=\"http://www.sarkariyojna.co.in/mukhyamantri-yuva-udyami-yojana-madhya-pradesh/\"> Read More »</a></p>','2016-08-13','madhya-pradesh','all','all'),(38,'schemes','both','<h4 class=\"article-title\"><a href=\"http://www.sarkariyojna.co.in/gram-uday-se-bharat-uday-abhiyan-launched-april/\" title=\"Gram Uday Se Bharat Uday Abhiyan to be Launched in April\">Gram Uday Se Bharat Uday Abhiyan to be Launched in April</a></h4>','<p>Gram Uday Se Bharat Uday Abhiyan, a new initiative by Prime Minister Narendra Modi will be launched in the Mid April. The main objective of the Abhiyan is to learn ground realities of rural development schemes and making necessary changes in them. The Gram Uday Se Bharat Uday Abhiyan will ensure that the benefit of •  <a class=\"read-more\" href=\"http://www.sarkariyojna.co.in/gram-uday-se-bharat-uday-abhiyan-launched-april/\"> Read More »</a></p>','2016-08-13','madhya-pradesh','all','all'),(39,'schemes','both','<h4 class=\"article-title\"><a href=\"http://www.sarkariyojna.co.in/mukhyamantri-yuva-swarozgar-yojana-application-form/\" title=\"Mukhyamantri Yuva Swarozgar Yojana Application Form\">Mukhyamantri Yuva Swarozgar Yojana Application Form</a></h4>','<p>Mukhyamantri Yuva Swarozgar Yojana is a finance scheme by the state Government of Madhya Pradesh to provide loans without bank guarantee to setup and grow micro and small enterprises. Under the scheme, the government provides loans from nationalized banks from Rs 20,000/- to Rs. 10,00,000/- to the eligible applicants and residents of Madhya Pradesh. Application •  <a class=\"read-more\" href=\"http://www.sarkariyojna.co.in/mukhyamantri-yuva-swarozgar-yojana-application-form/\"> Read More »</a></p>','2016-08-13','madhya-pradesh','all','all'),(40,'schemes','both','<h4 class=\"article-title\"><a href=\"http://www.sarkariyojna.co.in/mukhyamantri-yuva-swarozgar-yojana-madhya-pradesh/\" title=\"Mukhyamantri Yuva Swarozgar Yojana (MMYSY) in Madhya Pradesh\">Mukhyamantri Yuva Swarozgar Yojana (MMYSY) in Madhya Pradesh</a></h4>','<p>Mukhyamantri Yuva Swarozgar Yojana (MMYSY), started on 1st August 2014 is a financial assistance scheme help people get loans from banks to setup their own small business. The MP Government under the scheme provides margin money assistance, interest subsidy, loan guarantee and training to the beneficiaries. The main objective of the scheme is to promote •  <a class=\"read-more\" href=\"http://www.sarkariyojna.co.in/mukhyamantri-yuva-swarozgar-yojana-madhya-pradesh/\"> Read More »</a></p>','2016-08-13','madhya-pradesh','all','all'),(41,'schemes','both','<h4 class=\"article-title\"><a href=\"http://www.sarkariyojna.co.in/20-atal-ashraya-yojana-housing-schemes-mp-coming-soon/\" title=\"20 Atal Ashraya Yojana Housing Schemes in MP Coming Soon\">20 Atal Ashraya Yojana Housing Schemes in MP Coming Soon</a></h4>','<p>MP Government has sanctioned 20 housing schemes under the Atal Ashraya Yojana to be implemented by the Madhya Pradesh Housing and Infrastructure Board in 2016. These housing schemes will be implemented under the Pradhan Mantri Awas Yojana. A benefit of 6.5 percent loan subsidy would be given on taking loans by beneficiaries under the scheme. •  <a class=\"read-more\" href=\"http://www.sarkariyojna.co.in/20-atal-ashraya-yojana-housing-schemes-mp-coming-soon/\"> Read More »</a></p>','2016-08-13','madhya-pradesh','all','all'),(42,'schemes','both','<h4 class=\"article-title\"><a href=\"http://www.sarkariyojna.co.in/ujjwala-yojana-launched-chhattisgarh-august/\" title=\"Ujjwala Yojana to be Launched in Chhattisgarh in August\">Ujjwala Yojana to be Launched in Chhattisgarh in August</a></h4>','<p>Pradhan Mantri Ujjwala Yojana, a flagship social welfare scheme of Narendra Modi Government to provide free LPG connections to the BPL women in the country is all set to be launched in the state of Chhattisgarh in the first fortnight of August. The scheme was launched by the prime minister Narendra Modi on May 1st •  <a class=\"read-more\" href=\"http://www.sarkariyojna.co.in/ujjwala-yojana-launched-chhattisgarh-august/\"> Read More »</a></p>','2016-08-13','chhattisgarh','all','all'),(43,'schemes','both','<h4 class=\"article-title\"><a href=\"http://www.sarkariyojna.co.in/mukhyamantri-baans-baadi-yojana-chhattisgarh/\" title=\"Mukhyamantri Baans Baadi Yojana in Chhattisgarh – Meeting the Demand of Bamboo\">Mukhyamantri Baans Baadi Yojana in Chhattisgarh – Meeting the Demand of Bamboo</a></h4>','<p>Mukhya Mantri Baans Baadi Yojana is a new upcoming scheme which will fulfill the demand of bamboo in the state. This is a new initiative being taken by Forest department of the state to fulfill the demand of baans-bamboos in the upcoming year. In the current fiscal year 2016-2017, a budget of Rs. 2.50 crore •  <a class=\"read-more\" href=\"http://www.sarkariyojna.co.in/mukhyamantri-baans-baadi-yojana-chhattisgarh/\"> Read More »</a></p>','2016-08-13','chhattisgarh','all','all'),(44,'schemes','both','<h4 class=\"article-title\"><a href=\"http://www.sarkariyojna.co.in/mahatari-jatan-yojana-nutritious-diet-pregnant-women/\" title=\"Mahatari Jatan Yojana – Nutritious Diet for Pregnant Women\">Mahatari Jatan Yojana – Nutritious Diet for Pregnant Women</a></h4>','<p>Mahatari Jatan Yojana is all set to be launched in Chhattisgarh by the chief minister on May 2 at Ambikapur. The scheme is to provide nutritious diet to pregnant women at Anganwadi centers. Under the Mahatari Jatan Yojana, the state government will provide nutritious diet and ready to eat food to pregnant women. Under the •  <a class=\"read-more\" href=\"http://www.sarkariyojna.co.in/mahatari-jatan-yojana-nutritious-diet-pregnant-women/\"> Read More »</a></p>','2016-08-13','chhattisgarh','all','all'),(45,'schemes','both','<h4 class=\"article-title\"><a href=\"http://www.sarkariyojna.co.in/mukhyamantri-amrut-yojana-nutritious-diet-children/\" title=\"Mukhyamantri Amrut Yojana – Nutritious Diet for Children\">Mukhyamantri Amrut Yojana – Nutritious Diet for Children</a></h4>','<p>Mukhyamantri Amrut Yojana is all set to be launched in Chhattisgarh by the chief minister on 29th April at Sukma. The scheme is to provide nutritious diet to children at Anganwadi centers. Under the Mukhyamantri Amrut Yojana, the state government will provide nutritious diet to children in the age-group of 3-6 years. Under the scheme, •  <a class=\"read-more\" href=\"http://www.sarkariyojna.co.in/mukhyamantri-amrut-yojana-nutritious-diet-children/\"> Read More »</a></p>','2016-08-13','chhattisgarh','all','all'),(46,'schemes','both','<h4 class=\"article-title\"><a href=\"http://www.sarkariyojna.co.in/mukhyamantri-amrit-yojana-reduce-malnutrition-chhattisgarh/\" title=\"Mukhyamantri Amrit Yojana to Reduce Malnutrition in Chhattisgarh\">Mukhyamantri Amrit Yojana to Reduce Malnutrition in Chhattisgarh</a></h4>','<p>State Government of Chhattisgarh has launched Mukhyamantri Amrit Yojana under its special drive of eradicating malnutrition. Under the scheme the government aims to bring down the malnutrition level in Chhattisgarh. The state government under the Mukhyamantri Amrit Yojana will distribute flavored nutritious milk in the 50,000 Aanganwadi and Mini Aanganwadi centers. This milk will be •  <a class=\"read-more\" href=\"http://www.sarkariyojna.co.in/mukhyamantri-amrit-yojana-reduce-malnutrition-chhattisgarh/\"> Read More »</a></p>','2016-08-13','chhattisgarh','all','all'),(47,'schemes','both','<h4 class=\"article-title\"><a href=\"http://www.sarkariyojna.co.in/mukhyamantri-bal-sandarbh-yojana/\" title=\"Mukhyamantri Bal Sandarbh Yojana\">Mukhyamantri Bal Sandarbh Yojana</a></h4>','<p>Mukhyamantri Bal Sandarbh Yojana is a healthcare scheme being run by Women and Child Development Department of Chhattisgarh Government. The scheme was started in in the state in 2009. The main objective of Mukhyamantri Bal Sandarbh Yojana is to provide health check-up and medical counseling facility to children suffering from severe malnutrition and other crisis. •  <a class=\"read-more\" href=\"http://www.sarkariyojna.co.in/mukhyamantri-bal-sandarbh-yojana/\"> Read More »</a></p>','2016-08-13','chhattisgarh','all','all'),(48,'schemes','both','<h4 class=\"article-title\"><a href=\"http://www.sarkariyojna.co.in/mukhya-mantri-awas-yojana-naya-raipur-chattisgarh-complete-details/\" title=\"Mukhya Mantri Awas Yojana Naya Raipur, Chattisgarh – Complete Details\">Mukhya Mantri Awas Yojana Naya Raipur, Chattisgarh – Complete Details</a></h4>','<p>Mukhya Mantri Awas Yojana in Chhattisgarh is an affordable housing schemes under which EWS and LIG homes will be constructed. The state government will provide a financial assistance to the eligible EWS and LIG applicants. Mukhya Mantri Awas Yojana in Chhattisgarh is a part of Pradhan Mantri Awas Yojana of central government. The home buyers •  <a class=\"read-more\" href=\"http://www.sarkariyojna.co.in/mukhya-mantri-awas-yojana-naya-raipur-chattisgarh-complete-details/\"> Read More »</a></p>','2016-08-13','chhattisgarh','all','all'),(49,'schemes','both','<h4 class=\"article-title\"><a href=\"http://www.sarkariyojna.co.in/pm-awas-yojana-housing-scheme-naya-raipur-chhattisgarh/\" title=\"PM Awas Yojana Housing Scheme in Naya Raipur, Chhattisgarh – Foundation Stone Layed\">PM Awas Yojana Housing Scheme in Naya Raipur, Chhattisgarh – Foundation Stone Layed</a></h4>','<p>Prime Minister has layed the foundation stone of the Pradhan Mantri Awas Yojana in Naya Raipur on 21st February 2015. The Chhattisgarh Housing Board will construct homes for EWS and LIG categories under the PM Awas Yojana in Naya Raipur. Under the PM Awas Yojana, Narendra Modi Government aims to develop a total of 5 •  <a class=\"read-more\" href=\"http://www.sarkariyojna.co.in/pm-awas-yojana-housing-scheme-naya-raipur-chhattisgarh/\"> Read More »</a></p>','2016-08-13','chhattisgarh','all','all'),(50,'schemes','both','<h4 class=\"article-title\"><a href=\"http://www.sarkariyojna.co.in/bal-thackeray-upgath-vima-yojana-free-treatment-accident-victims/\" title=\"Bal Thackeray Upgath Vima Yojana – Free Treatment for Accident Victims\">Bal Thackeray Upgath Vima Yojana – Free Treatment for Accident Victims</a></h4>','<p>State Government of Maharashtra has announced a new scheme named “Bal Thackeray Upgath Vima Yojana”. The scheme aimed to help road accident victims get instant treatment at the trauma care hospitals across the state. Under the Bal Thackeray Upgath Vima Yojana, the accident victims will be treated for free in trauma care hospitals for up •  <a class=\"read-more\" href=\"http://www.sarkariyojna.co.in/bal-thackeray-upgath-vima-yojana-free-treatment-accident-victims/\"> Read More »</a></p>','2016-08-13','maharashtra','all','all'),(51,'schemes','both','<h4 class=\"article-title\"><a href=\"http://www.sarkariyojna.co.in/mahatma-jyotiba-phule-jeevandayeeni-yojana-cashless-treatment-scheme-poor/\" title=\"Mahatma Jyotiba Phule Jeevandayeeni Yojana – Cashless Treatment Scheme for Poor\">Mahatma Jyotiba Phule Jeevandayeeni Yojana – Cashless Treatment Scheme for Poor</a></h4>','<p>Mahatma Jyotiba Phule Jeevandayeeni Yojana is the new name to the popular Rajiv Gandhi Jeevandayee Arogya Yojana with some amendments. Maharashtra Government has changed the name of the cashless treatment scheme for poor after social reformer Mahatma Phule. The scheme has been modified and some new processes have been added to make the it more •  <a class=\"read-more\" href=\"http://www.sarkariyojna.co.in/mahatma-jyotiba-phule-jeevandayeeni-yojana-cashless-treatment-scheme-poor/\"> Read More »</a></p>','2016-08-13','maharashtra','all','all'),(52,'schemes','both','<h4 class=\"article-title\"><a href=\"http://www.sarkariyojna.co.in/krishi-gurukul-yojana/\" title=\"Krishi Gurukul Yojana\">Krishi Gurukul Yojana</a></h4>','<p>Krishi Gurukul Yojana is also a pro-farmer Yojana in the state Government of Maharashtra announced in the 2016-17 financial budget. The main purpose of the scheme is to educate more and more farmers about the new techniques in agriculture and floriculture. There will not be any special team or the institution to train the farmers •  <a class=\"read-more\" href=\"http://www.sarkariyojna.co.in/krishi-gurukul-yojana/\"> Read More »</a></p>','2016-08-13','maharashtra','all','all'),(53,'schemes','both','<h4 class=\"article-title\"><a href=\"http://www.sarkariyojna.co.in/pandit-deen-dayal-upadhyay-krishi-margadarshak-yojana/\" title=\"Pandit Deen Dayal Upadhyay Krishi Margadarshak Yojana\">Pandit Deen Dayal Upadhyay Krishi Margadarshak Yojana</a></h4>','<p>Pandit Deen Dayal Upadhyay Krishi Margadarshak Yojana is a new scheme announced in the financial budget for the FY 2016-17 by the Government of Maharashtra state. This is also one of the agriculture – pro schemes launched by the state government to empower farmers and improve the overall growth of the agriculture sector in the •  <a class=\"read-more\" href=\"http://www.sarkariyojna.co.in/pandit-deen-dayal-upadhyay-krishi-margadarshak-yojana/\"> Read More »</a></p>','2016-08-13','maharashtra','all','all'),(54,'schemes','both','<h4 class=\"article-title\"><a href=\"http://www.sarkariyojna.co.in/palakmantri-earth-moving-machines-kharedi-yojana/\" title=\"Palakmantri Earth Moving Machines Kharedi Yojana\">Palakmantri Earth Moving Machines Kharedi Yojana</a></h4>','<p>Palakmantri Earth Moving Machines Kharedi Yojana is a new scheme announced by the Maharashtra Government in the 2016-17 budget session. Under the scheme, the government will provide training to the rural youth for employment. Apart from the training, the government will also facilitate loans to the skilled/trained rural youth from the nationalized banks to buy •  <a class=\"read-more\" href=\"http://www.sarkariyojna.co.in/palakmantri-earth-moving-machines-kharedi-yojana/\"> Read More »</a></p>','2016-08-13','maharashtra','all','all'),(55,'schemes','both','<h4 class=\"article-title\"><a href=\"http://www.sarkariyojna.co.in/palakmantri-panand-raste-yojana/\" title=\"Palakmantri Panand Raste Yojana\">Palakmantri Panand Raste Yojana</a></h4>','<p>Palakmantri Panand Raste Yojana is a new initiative taken in budget 2016-17 by the Government of Maharashtra. Under this new scheme, the Maharashtra Government aims to provide Job opportunities to the rural Youth of the state. To provide the job opportunities to the rural youth, the government has also announced another sub-scheme to provide training •  <a class=\"read-more\" href=\"http://www.sarkariyojna.co.in/palakmantri-panand-raste-yojana/\"> Read More »</a></p>','2016-08-13','maharashtra','all','all'),(56,'schemes','both','<h4 class=\"article-title\"><a href=\"http://www.sarkariyojna.co.in/pm-awas-yojana-demand-survey-housing-scheme-in-nagpur-by-nmc/\" title=\"PM Awas Yojana Demand Survey Housing Scheme in Nagpur by NMC\">PM Awas Yojana Demand Survey Housing Scheme in Nagpur by NMC</a></h4>','<p>Nagpur Municipal Corporation (NMC) is inviting applications for the allotment of affordable subsidized flats under Pradhan Mantri Awas Yojana. The survey applications for PM Awas Yojana are being invited online on the official website at nmcnagpur.gov.in from 22 February to 22 March 2016. Three types of applicants are eligible to apply for the scheme as •  <a class=\"read-more\" href=\"http://www.sarkariyojna.co.in/pm-awas-yojana-demand-survey-housing-scheme-in-nagpur-by-nmc/\"> Read More »</a></p>','2016-08-13','maharashtra','all','all'),(57,'schemes','both','<h4 class=\"article-title\"><a href=\"http://www.sarkariyojna.co.in/kanya-vidya-dhan-yojana-scholarship-meritorious-girl-students/\" title=\"Kanya Vidya Dhan Yojana – Scholarship for Meritorious Girl Students\">Kanya Vidya Dhan Yojana – Scholarship for Meritorious Girl Students</a></h4>','<p>Kanya Vidya Dhan Yojana is a scholarship scheme launched by the Uttar Pradesh Government to provide scholarships to meritorious girl students in the state. Under the scheme, the UP government provides a financial assistance of Rs. 30,000 to each girl student who has achieved merit distinction in 12th board exams. Kanya Vidya Dhan Yojana 2016 •  <a class=\"read-more\" href=\"http://www.sarkariyojna.co.in/kanya-vidya-dhan-yojana-scholarship-meritorious-girl-students/\"> Read More »</a></p>','2016-08-13','uttar-pradesh','all','all'),(58,'schemes','both','<h4 class=\"article-title\"><a href=\"http://www.sarkariyojna.co.in/7th-pay-commission-uttar-pradesh-approved/\" title=\"7th Pay Commission in Uttar Pradesh Approved\">7th Pay Commission in Uttar Pradesh Approved</a></h4>','<p>In a big cheer to the state government employees, the Akhilesh Government has approved the implementation of the 7th pay commission in the state. The decision was taken during a state cabinet meeting on 18 July. During the meeting, government decided to implement the 7th Pay commission by forming a four member committee. The head •  <a class=\"read-more\" href=\"http://www.sarkariyojna.co.in/7th-pay-commission-uttar-pradesh-approved/\"> Read More »</a></p>','2016-08-13','uttar-pradesh','all','all'),(59,'schemes','both','<h4 class=\"article-title\"><a href=\"http://www.sarkariyojna.co.in/samajwadi-hathkargha-bunkar-pension-yojana-scheme-weavers/\" title=\"Samajwadi Hathkargha Bunkar Pension Yojana – Pension Scheme for Weavers\">Samajwadi Hathkargha Bunkar Pension Yojana – Pension Scheme for Weavers</a></h4>','<p>State Government of Uttar Pradesh has announced a new pension scheme for weavers during a state cabinet meeting held on 18 July. Under the new pension scheme named as “Samajwadi Hathkargha Bunkar Pension Yojana”, state government will provide Rs. 500 per month as pension to every weaver in the state. The pension will be given •  <a class=\"read-more\" href=\"http://www.sarkariyojna.co.in/samajwadi-hathkargha-bunkar-pension-yojana-scheme-weavers/\"> Read More »</a></p>','2016-08-13','uttar-pradesh','all','all'),(60,'schemes','both','<h4 class=\"article-title\"><a href=\"http://www.sarkariyojna.co.in/samajwadi-pension-yojana-2016-17-received-2-times-applications/\" title=\"Samajwadi Pension Yojana 2016-17 Received 2 Times More Applications\">Samajwadi Pension Yojana 2016-17 Received 2 Times More Applications</a></h4>','<p>The ambitious Samajwadi Pension Yojana of Uttar Pradesh Government has received a great response. The number of applications received for Samajwadi Pension Yojana 2016-17 were about 2 times the target number of beneficiaries. 20th April was the last date of the application form submission for Samajwadi Pension Yojana and more counters needed to open due •  <a class=\"read-more\" href=\"http://www.sarkariyojna.co.in/samajwadi-pension-yojana-2016-17-received-2-times-applications/\"> Read More »</a></p>','2016-08-13','uttar-pradesh','all','all'),(61,'schemes','both','<h4 class=\"article-title\"><a href=\"http://www.sarkariyojna.co.in/samajwadi-rozgar-yojana-job-scheme-up/\" title=\"Samajwadi Rozgar Yojana – An Employment Generation Scheme in UP\">Samajwadi Rozgar Yojana – An Employment Generation Scheme in UP</a></h4>','<p>Keeping in mind the huge unemployed population in the state of Uttar Pradesh, Samajwadi Rozgar Yojana has been developed. The Samajwadi Rozgar Yojana will help develop small traders and generating jobs for the unemployed in the state. Why Samajwadi Rozgar Yojana Almost everyone is aware about the state of unemployment in the country despite of •  <a class=\"read-more\" href=\"http://www.sarkariyojna.co.in/samajwadi-rozgar-yojana-job-scheme-up/\"> Read More »</a></p>','2016-08-13','uttar-pradesh','all','all'),(62,'schemes','both','<h4 class=\"article-title\"><a href=\"http://www.sarkariyojna.co.in/samajwadi-pension-yojana-to-cover-10-lakh-more/\" title=\"Samajwadi Pension Yojana to Cover 10 Lakh More\">Samajwadi Pension Yojana to Cover 10 Lakh More</a></h4>','<p>Launched in February 2014, Samajwadi Pension Yojana is expected to cover about 10 Lakh more people across the state. About 45 people in the state have already being benefited under the scheme. The total number of beneficiaries under the Samajwadi Pension Yojana would reach to 55 Lakh from current 45 Lakh within next year. The •  <a class=\"read-more\" href=\"http://www.sarkariyojna.co.in/samajwadi-pension-yojana-to-cover-10-lakh-more/\"> Read More »</a></p>','2016-08-13','uttar-pradesh','all','all'),(63,'schemes','both','<h4 class=\"article-title\"><a href=\"http://www.sarkariyojna.co.in/noida-authority-flat-scheme-in-sec-117-118-122-under-samajwadi-awas-yojana/\" title=\"Noida Authority Flat Scheme in Sec 117, 118 &amp; 122 Under Samajwadi Awas Yojana\">Noida Authority Flat Scheme in Sec 117, 118 &amp; 122 Under Samajwadi Awas Yojana</a></h4>','<p>Noida Authority (New Okhla Industrial Development Authority) invites applications for the allotment of 2000 under construction flats in sector 117, 118 and 122. The authority has launched the scheme under the affordable housing scheme Samajwadi Awas Yojana of Uttar Pradesh Government. Interested candidates can apply for the new residential flat scheme of Noida Authority from •  <a class=\"read-more\" href=\"http://www.sarkariyojna.co.in/noida-authority-flat-scheme-in-sec-117-118-122-under-samajwadi-awas-yojana/\"> Read More »</a></p>','2016-08-13','uttar-pradesh','all','all'),(64,'schemes','both','<h4 class=\"article-title\"><a href=\"http://www.sarkariyojna.co.in/mukhya-mantri-sadak-yojana-himachal-pradesh/\" title=\"Mukhya Mantri Sadak Yojana Himachal Pradesh\">Mukhya Mantri Sadak Yojana Himachal Pradesh</a></h4>','<p>Government of Himachal Pradesh has launched a new scheme for development of roads to connect villages across the state. The government has announced the new scheme named as Mukhya Mantri Gram Sadak Yojana in the financial budget 2016-17. Under the Mukhya Mantri Gram Sadak Yojana, the state government will develop road connectivity between villages/habitations and •  <a class=\"read-more\" href=\"http://www.sarkariyojna.co.in/mukhya-mantri-sadak-yojana-himachal-pradesh/\"> Read More »</a></p>','2016-08-13','himachal-pradesh','all','all'),(65,'schemes','both','<h4 class=\"article-title\"><a href=\"http://www.sarkariyojna.co.in/mukhya-mantri-gyandeep-yojana-loan-scheme/\" title=\"Mukhya Mantri Gyandeep Yojana Loan Scheme\">Mukhya Mantri Gyandeep Yojana Loan Scheme</a></h4>','<p>Government of Himachal Pradesh has launched a new loan scheme for all the Himachali students. The government has announced the new scheme named as Mukhya Mantri Gyandeep Yojana in the financial budget 2016-17. Under the Mukhya Mantri Gyandeep Yojana, the state government will provide interest subvention of 4 percent to all Himachali Students availing education •  <a class=\"read-more\" href=\"http://www.sarkariyojna.co.in/mukhya-mantri-gyandeep-yojana-loan-scheme/\"> Read More »</a></p>','2016-08-13','himachal-pradesh','all','all'),(66,'schemes','both','<h4 class=\"article-title\"><a href=\"http://www.sarkariyojna.co.in/mukhya-mantri-vardi-yojana/\" title=\"Mukhya Mantri Vardi Yojana\">Mukhya Mantri Vardi Yojana</a></h4>','<p>Himachal Pradesh Government has announced Mukhya Mantri Vardi Yojana for students of 10+2 class. Under the Mukhya Mantri Vardi Yojana, the students of 10+2 will be provided uniform by the state government. The scheme is expected to benefit 1.34 lakh students across the state. Uniform to 10+1 students will also be provided. Mukhya Mantri Vardi •  <a class=\"read-more\" href=\"http://www.sarkariyojna.co.in/mukhya-mantri-vardi-yojana/\"> Read More »</a></p>','2016-08-13','himachal-pradesh','all','all'),(67,'schemes','both','<h4 class=\"article-title\"><a href=\"http://www.sarkariyojna.co.in/mukhya-mantri-awas-yojana-bpl-families-himachal-pradesh/\" title=\"Mukhya Mantri Awas Yojana for BPL Families in Himachal Pradesh\">Mukhya Mantri Awas Yojana for BPL Families in Himachal Pradesh</a></h4>','<p>Himachal Pradesh Government has announced a new housing scheme named as “Mukhya Mantri Awas Yojana” in the Budget 2016-17. The scheme has been launched to provide affordable housing for people belonging to the BPL (Below Poverty Line). Subsidy Under Mukhya Mantri Awas Yojana Mukhya Mantri Awas Yojana is aimed to provide housing subsidy of Rs. •  <a class=\"read-more\" href=\"http://www.sarkariyojna.co.in/mukhya-mantri-awas-yojana-bpl-families-himachal-pradesh/\"> Read More »</a></p>','2016-08-13','himachal-pradesh','all','all'),(68,'schemes','both','<h4 class=\"article-title\"><a href=\"http://www.sarkariyojna.co.in/kalinga-sikshya-sathi-yojana-approved-odisha-cabinet/\" title=\"Kalinga Sikshya Sathi Yojana Approved by Odisha Cabinet\">Kalinga Sikshya Sathi Yojana Approved by Odisha Cabinet</a></h4>','<p>Kalinga Sikshya Sathi Yojana, an education loan scheme launched in June has got approved by the state cabinet on 8th August. Under the Kalinga Sikshya Sathi Yojana, the state government would provide education loans to the poor meritorious students at a very low interest rate. Under the Kalinga Sikshya Sathi Yojana, the meritorious students would •  <a class=\"read-more\" href=\"http://www.sarkariyojna.co.in/kalinga-sikshya-sathi-yojana-approved-odisha-cabinet/\"> Read More »</a></p>','2016-08-13','odisha','all','all'),(69,'schemes','both','<h4 class=\"article-title\"><a href=\"http://www.sarkariyojna.co.in/baristha-bunakar-sahayata-yojana-pension-scheme-elderly-weavers/\" title=\"Baristha Bunakar Sahayata Yojana – Pension Scheme for Elderly Weavers\">Baristha Bunakar Sahayata Yojana – Pension Scheme for Elderly Weavers</a></h4>','<p>Odisha State Government has launched a new scheme for elderly weavers in the state to mark the National Handlooms Day. Named as “Baristha Bunakar Sahayata Yojana”, the scheme is aimed at providing financial assistance to the elderly weavers in the state. There are about 8000 weavers in the state working in this field for more •  <a class=\"read-more\" href=\"http://www.sarkariyojna.co.in/baristha-bunakar-sahayata-yojana-pension-scheme-elderly-weavers/\"> Read More »</a></p>','2016-08-13','odisha','all','all'),(70,'schemes','both','<h4 class=\"article-title\"><a href=\"http://www.sarkariyojna.co.in/baristha-nagarika-tirtha-yatra-yojana-odisha/\" title=\"Baristha Nagarika Tirtha Yatra Yojana Odisha\">Baristha Nagarika Tirtha Yatra Yojana Odisha</a></h4>','<p>Baristha Nagarika Tirtha Yatra Yojana is a new scheme announced by the Odisha chief minister for old age and senior citizens. The main objective of the scheme is to provide affordable, safe and comfortable journey to pilgrimage places. The scheme was launched by the CM at Berhampur Railway Station during his visit to Ganjam District •  <a class=\"read-more\" href=\"http://www.sarkariyojna.co.in/baristha-nagarika-tirtha-yatra-yojana-odisha/\"> Read More »</a></p>','2016-08-13','odisha','all','all'),(71,'schemes','both','<h4 class=\"article-title\"><a href=\"http://www.sarkariyojna.co.in/madhu-babu-pension-yojana-old-age-pension-scheme-odisha/\" title=\"Madhu Babu Pension Yojana – Old Age Pension Scheme in Odisha\">Madhu Babu Pension Yojana – Old Age Pension Scheme in Odisha</a></h4>','<p>Madhu Babu Pension Yojana is a flagship pension scheme of state government of Odisha to provide pension to old age, widows and handicapped persons. The scheme will now be extended to cover 3 Lakh more people across the state. CM Naveen Patnaik has directed the district collectors to implement the scheme from 15th August. Under •  <a class=\"read-more\" href=\"http://www.sarkariyojna.co.in/madhu-babu-pension-yojana-old-age-pension-scheme-odisha/\"> Read More »</a></p>','2016-08-13','odisha','all','all'),(72,'schemes','both','<h4 class=\"article-title\"><a href=\"http://www.sarkariyojna.co.in/biju-gadi-chalak-bima-yojana-insurance-scheme-drivers/\" title=\"Biju Gadi Chalak Bima Yojana – Insurance Scheme for Drivers\">Biju Gadi Chalak Bima Yojana – Insurance Scheme for Drivers</a></h4>','<p>Biju Gadi Chalak Bima Yojana is a new health insurance scheme for vehicle drivers to be launched soon by the State government of Odisha. The scheme is proposed to cover all the vehicle drivers as they have a higher possibility of facing road mishaps. Biju Gadi Chalak Bima Yojana Coverage The scheme will provide insurance •  <a class=\"read-more\" href=\"http://www.sarkariyojna.co.in/biju-gadi-chalak-bima-yojana-insurance-scheme-drivers/\"> Read More »</a></p>','2016-08-13','odisha','all','all'),(73,'schemes','both','<h4 class=\"article-title\"><a href=\"http://www.sarkariyojna.co.in/special-employment-generation-programme-odisha-launching-soon/\" title=\"Special Employment Generation Programme in Odisha to Be Launched Soon\">Special Employment Generation Programme in Odisha to Be Launched Soon</a></h4>','<p>Special Employment Generation Programme, a self employment scheme will be launched by the state government of Odisha before the upcoming Panchayat elections. Under the Special Employment Generation Programme, the state government will provide a bank loan up to Rs 5 lakh to traditional artisans. Spinners, weavers, carpenters, blacksmiths, potters, cobblers, barbers and washermen will be •  <a class=\"read-more\" href=\"http://www.sarkariyojna.co.in/special-employment-generation-programme-odisha-launching-soon/\"> Read More »</a></p>','2016-08-13','odisha','all','all'),(74,'schemes','both','<h4 class=\"article-title\"><a href=\"http://www.sarkariyojna.co.in/biju-atma-nijukti-yojana-self-employment-scheme-launched-soon/\" title=\"Biju Atma Nijukti Yojana Self Employment Scheme to be Launched Soon\">Biju Atma Nijukti Yojana Self Employment Scheme to be Launched Soon</a></h4>','<p>The state government of Odisha is all set to launch a new self employment scheme ahead of the panchayat polls scheduled early next year. Named as “Biju Atma Nijukti Yojana” is aimed at providing self employment to unemployed semi-literate youths in the state. Biju Atma Nijukti Yojana Under the Biju Atma Nijukti Yojana, the state •  <a class=\"read-more\" href=\"http://www.sarkariyojna.co.in/biju-atma-nijukti-yojana-self-employment-scheme-launched-soon/\"> Read More »</a></p>','2016-08-13','odisha','all','all'),(75,'schemes','both','<h4 class=\"article-title\"><a href=\"http://www.sarkariyojna.co.in/kalinga-sikshya-sathi-yojana-education-loan-scheme-odisha/\" title=\"Kalinga Sikshya Sathi Yojana – Education Loan Scheme in Odisha\">Kalinga Sikshya Sathi Yojana – Education Loan Scheme in Odisha</a></h4>','<p>Chief Minister Naveen Patnaik has launched a new education loan scheme for poor meritorious students in the state. Named as “Kalinga Sikshya Sathi Yojana” the state government will provide education loans at interest of just 1 percent per annum to the poor students. Objective of Kalinga Sikshya Sathi Yojana The objective of the scheme is •  <a class=\"read-more\" href=\"http://www.sarkariyojna.co.in/kalinga-sikshya-sathi-yojana-education-loan-scheme-odisha/\"> Read More »</a></p>','2016-08-13','odisha','all','all'),(76,'schemes','both','<h4 class=\"article-title\"><a href=\"http://www.sarkariyojna.co.in/pradhan-mantri-ujjwala-yojana-odisha-launching-today/\" title=\"Pradhan Mantri Ujjwala Yojana in Odisha Launching Today\">Pradhan Mantri Ujjwala Yojana in Odisha Launching Today</a></h4>','<p>Pradhan Mantri Ujjwala Yojana after country wide launch on 1st May have seen regional launched in Gujarat, Maharashtra, Uttarakhand &amp; Uttar Pradesh. The scheme is now set to be launched in Odisha today. Union Tribal Affairs Minister Jual Oram and Oil Minister Dharmendra Pradhan are scheduled to flag the Ujjwala Yojana off today from Sambalpur. •  <a class=\"read-more\" href=\"http://www.sarkariyojna.co.in/pradhan-mantri-ujjwala-yojana-odisha-launching-today/\"> Read More »</a></p>','2016-08-13','odisha','all','all'),(77,'schemes','both','<h4 class=\"article-title\"><a href=\"http://www.sarkariyojna.co.in/92k-houses-built-biju-pucca-ghar-yojana-odisha/\" title=\"92K Houses to be Built Under Biju Pucca Ghar Yojana in Odisha\">92K Houses to be Built Under Biju Pucca Ghar Yojana in Odisha</a></h4>','<p>State Government of Odisha has set a target of constructing about 2.5 Lakh houses in the state within next one year. The housing units will be constructed in rural areas for the rural poor in the state. Out of the total 2.5 Lakh total houses to be built, state government will develop 1.20 Lakh homes •  <a class=\"read-more\" href=\"http://www.sarkariyojna.co.in/92k-houses-built-biju-pucca-ghar-yojana-odisha/\"> Read More »</a></p>','2016-08-13','odisha','all','all'),(78,'schemes','both','<h4 class=\"article-title\"><a href=\"http://www.sarkariyojna.co.in/ncr-taxi-scheme-2016/\" title=\"NCR Taxi Scheme 2016 – Improving Public Transport in 13 Districts\">NCR Taxi Scheme 2016 – Improving Public Transport in 13 Districts</a></h4>','<p>State Government of Haryana has approved a new taxi scheme for improving public transport in 13 districts falling in National Capital Region. The scheme was proposed by the State Transport Department to run radio cabs in districts in the state falling in NCR. The thirteen districts where the scheme will be implemented are Gurgaon, Faridabad, •  <a class=\"read-more\" href=\"http://www.sarkariyojna.co.in/ncr-taxi-scheme-2016/\"> Read More »</a></p>','2016-08-13','haryana','all','all'),(79,'schemes','both','<h4 class=\"article-title\"><a href=\"http://www.sarkariyojna.co.in/huda-launch-6200-residential-plots-next-6-months/\" title=\"HUDA to Launch about 6,200 Residential Plots in Next 6 Months\">HUDA to Launch about 6,200 Residential Plots in Next 6 Months</a></h4>','<p>Haryana Urban Development Authority (HUDA) is all set to offer about 6200 residential plots in urban areas across the state. These plots will be offered in 15 new sectors to be launched within next 6 months. The authority is planning to earn about Rs. 3000 Crores by selling these plots and overcome the financial crises. •  <a class=\"read-more\" href=\"http://www.sarkariyojna.co.in/huda-launch-6200-residential-plots-next-6-months/\"> Read More »</a></p>','2016-08-13','haryana','all','all'),(80,'schemes','both','<h4 class=\"article-title\"><a href=\"http://www.sarkariyojna.co.in/pashudhan-bima-yojana-animal-insurance-scheme-haryana/\" title=\"Pashudhan Bima Yojana – Animal Insurance Scheme in Haryana\">Pashudhan Bima Yojana – Animal Insurance Scheme in Haryana</a></h4>','<p>Pashudhan Bima Yojana is a new insurance scheme launched by the Government of Haryana on Friday. Under the scheme, state government will provide insurance cover to cows, buffaloes, bulls, camel, sheep, goat and pig for a period for three years. Pashudhan Bima Yojana was launched at a function in Jhajjar by OP Dhankar, State Animal •  <a class=\"read-more\" href=\"http://www.sarkariyojna.co.in/pashudhan-bima-yojana-animal-insurance-scheme-haryana/\"> Read More »</a></p>','2016-08-13','haryana','all','all'),(81,'schemes','both','<h4 class=\"article-title\"><a href=\"http://www.sarkariyojna.co.in/loan-scheme-haryana-fruit-vegetable-growers-soon/\" title=\"Loan Scheme in Haryana for Fruit &amp; Vegetable Growers Soon\">Loan Scheme in Haryana for Fruit &amp; Vegetable Growers Soon</a></h4>','<p>Haryana Government has approved the proposal of a loan scheme for fruit and vegetable growers. The scheme will be aimed to help the groups formed by the vegetable and fruit growers to increase production. Improvement in storage, processing and marketing of the produce to generate better returns is also the aim of the scheme. The •  <a class=\"read-more\" href=\"http://www.sarkariyojna.co.in/loan-scheme-haryana-fruit-vegetable-growers-soon/\"> Read More »</a></p>','2016-08-13','haryana','all','all'),(82,'schemes','both','<h4 class=\"article-title\"><a href=\"http://www.sarkariyojna.co.in/deen-dayal-jan-awas-yojana-application-invited-grant-license/\" title=\"Deen Dayal Jan Awas Yojana – Application Invited for Grant of License\">Deen Dayal Jan Awas Yojana – Application Invited for Grant of License</a></h4>','<p>Haryana Government is inviting applications for grant of license from colonizers/builders/developers under the Deen Dayal Jana Awas Yojana affordable plotted housing policy – 2016. The applications can be made to the implementing agency, Town and Country Planning, Haryana by 30th June 2016. Affordable Plotted Housing Policy 2016 for low &amp; medium potential towns was released •  <a class=\"read-more\" href=\"http://www.sarkariyojna.co.in/deen-dayal-jan-awas-yojana-application-invited-grant-license/\"> Read More »</a></p>','2016-08-13','haryana','all','all'),(83,'schemes','both','<h4 class=\"article-title\"><a href=\"http://www.sarkariyojna.co.in/affordable-plotted-housing-policy-2016-deen-dayal-jan-awas-yojana/\" title=\"Affordable Plotted Housing Policy 2016 | Deen Dayal Jan Awas Yojana\">Affordable Plotted Housing Policy 2016 | Deen Dayal Jan Awas Yojana</a></h4>','<p>Haryana Government has notified Affordable Plotted Housing Policy 2016 for Low and Medium Potential Towns, the policy will be named as Deen Dayal Jan Awas Yojana. This policy is intended to encourage the development of high density plotted colonies in Low and Medium Potential towns of the State wherein small plots are made available through •  <a class=\"read-more\" href=\"http://www.sarkariyojna.co.in/affordable-plotted-housing-policy-2016-deen-dayal-jan-awas-yojana/\"> Read More »</a></p>','2016-08-13','haryana','all','all'),(84,'schemes','both','<h4 class=\"article-title\"><a href=\"http://www.sarkariyojna.co.in/deen-dayal-jan-awas-yojana-affordable-housing-scheme-haryana/\" title=\"Deen Dayal Jan Awas Yojana Affordable Housing Scheme in Haryana\">Deen Dayal Jan Awas Yojana Affordable Housing Scheme in Haryana</a></h4>','<p>Haryana Government has approved the implementation of Deen Dayal Jan Awas Yojana under which the private developers will develop 1 Lakh housing units in the coming years in the state. The government aims to provide homes at the arte of Rs 1521 per square foot in cities like Panchkula. Deen Dayal Jan Awas Yojana aims •  <a class=\"read-more\" href=\"http://www.sarkariyojna.co.in/deen-dayal-jan-awas-yojana-affordable-housing-scheme-haryana/\"> Read More »</a></p>','2016-08-13','haryana','all','all'),(85,'schemes','both','<h4 class=\"article-title\"><a href=\"http://www.sarkariyojna.co.in/suvarna-krishi-grama-yojana-increasing-farmers-income/\" title=\"Suvarna Krishi Grama Yojana – Increasing Farmers Income\">Suvarna Krishi Grama Yojana – Increasing Farmers Income</a></h4>','<p>A new scheme named as “Suvarna Krishi Grama Yojana” or “Golden Agriculture Village Scheme” has been launched by the state Government of Karnataka with an aim to increase farmers income by 20% in one year. The scheme has been launched along with International Crops Research Institute for the Semi-Arid Tropics (ICRISAT). Under the “Suvarna Krishi •  <a class=\"read-more\" href=\"http://www.sarkariyojna.co.in/suvarna-krishi-grama-yojana-increasing-farmers-income/\"> Read More »</a></p>','2016-08-13','karnataka','all','all'),(86,'schemes','both','<h4 class=\"article-title\"><a href=\"http://www.sarkariyojna.co.in/mukhyamantri-santwana-harish-yojana-help-road-accident-victims/\" title=\"Mukhyamantri Santwana Harish Yojana to Help Road Accident Victims\">Mukhyamantri Santwana Harish Yojana to Help Road Accident Victims</a></h4>','<p>Karnataka State Government has launched a new scheme to help road accident victims get the treatment on time. Under the scheme, the government will provide free treatment to road accident victims for the first 48 hours in the nearest government or private hospital. The scheme was launched on 8 March 2016. The scheme is named •  <a class=\"read-more\" href=\"http://www.sarkariyojna.co.in/mukhyamantri-santwana-harish-yojana-help-road-accident-victims/\"> Read More »</a></p>','2016-08-13','karnataka','all','all'),(87,'schemes','both','<h4 class=\"article-title\"><a href=\"http://www.sarkariyojna.co.in/gas-bhagya-scheme-karnataka-free-gas-connections-bpl-families/\" title=\"Gas Bhagya Scheme in Karnataka for Free Gas Connections to BPL Families\">Gas Bhagya Scheme in Karnataka for Free Gas Connections to BPL Families</a></h4>','<p>State Government of Karnataka is all set to launch a new scheme under the Bhagya schemes Outlay to provide free LPG connections to the women belonging to BPL households. The Karnataka government, under the Gas Bhagya scheme will provide a cooking stove and a domestic LPG connection to women members of each below poverty line •  <a class=\"read-more\" href=\"http://www.sarkariyojna.co.in/gas-bhagya-scheme-karnataka-free-gas-connections-bpl-families/\"> Read More »</a></p>','2016-08-13','karnataka','all','all'),(88,'schemes','both','<h4 class=\"article-title\"><a href=\"http://www.sarkariyojna.co.in/mukhyamantri-jal-swavalamban-scheme-mjss-phase-2/\" title=\"Mukhyamantri Jal Swavalamban Scheme (MJSS) Phase 2 Launch in November\">Mukhyamantri Jal Swavalamban Scheme (MJSS) Phase 2 Launch in November</a></h4>','<p>The ambitious Mukhyamantri Jal Swavalamban Scheme (MJSS) phase 2 will be launched in November this year as announced by the Rajasthan Government on Tuesday. Phase two of Mukhyamantri Jal Swavalamban Scheme will cover 4200 villages at a cost of Rs. 2100 crore with high tech applications. The state government would do drone surveys of the •  <a class=\"read-more\" href=\"http://www.sarkariyojna.co.in/mukhyamantri-jal-swavalamban-scheme-mjss-phase-2/\"> Read More »</a></p>','2016-08-13','rajasthan','all','all'),(89,'schemes','both','<h4 class=\"article-title\"><a href=\"http://www.sarkariyojna.co.in/mukhyamantri-jan-awas-yojana-housing-scheme-rajasthan/\" title=\"Mukhyamantri Jan Awas Yojana Rajasthan – Housing Scheme for Poor\">Mukhyamantri Jan Awas Yojana Rajasthan – Housing Scheme for Poor</a></h4>','<p>Government of Rajasthan formed a new policy named as “Mukhyamantri Jan Awas Yojana 2015” to cater the basic need of shelter. The scheme was prepared by the Urban Development and Housing Department of the state. Implementation of the scheme has already been started in order to achieve the goal of affordable and quality houses for •  <a class=\"read-more\" href=\"http://www.sarkariyojna.co.in/mukhyamantri-jan-awas-yojana-housing-scheme-rajasthan/\"> Read More »</a></p>','2016-08-13','rajasthan','all','all'),(90,'schemes','both','<h4 class=\"article-title\"><a href=\"http://www.sarkariyojna.co.in/ladli-laxmi-yojana-to-be-implemented-in-rajasthan/\" title=\"Ladli Laxmi Yojana to be Implemented in Rajasthan\">Ladli Laxmi Yojana to be Implemented in Rajasthan</a></h4>','<p>First Introduced by the Government of Madhya Pradesh in 2007 for empowerment of girl child will soon be implemented in Rajasthan. The Ladli Laxmi Yojana has already been implemented in many states including Delhi, Orissa, Uttar Pradesh, Jharkhand, Karnataka, Himachal Pradesh and Haryana. Bangladesh have also appreciated the scheme and has sought information regarding this. •  <a class=\"read-more\" href=\"http://www.sarkariyojna.co.in/ladli-laxmi-yojana-to-be-implemented-in-rajasthan/\"> Read More »</a></p>','2016-08-13','rajasthan','all','all'),(91,'schemes','both','<h4 class=\"article-title\"><a href=\"http://www.sarkariyojna.co.in/badiki-vastha-free-bicycle-scheme-girl-students/\" title=\"Badiki Vastha – Free Bicycle Scheme for Girl Students\">Badiki Vastha – Free Bicycle Scheme for Girl Students</a></h4>','<p>Badiki Vastha, a new scheme has been announced by the state government of Andhra Pradesh to encourage girl child education in the state. Under the Badiki Vastha scheme, the state government would provide free bicycles to every girl child studying in class 9th in the state. Free bicycle would be provided to the girl students •  <a class=\"read-more\" href=\"http://www.sarkariyojna.co.in/badiki-vastha-free-bicycle-scheme-girl-students/\"> Read More »</a></p>','2016-08-13','andhra-pradesh','all','all'),(92,'schemes','both','<h4 class=\"article-title\"><a href=\"http://www.sarkariyojna.co.in/chandranna-bima-yojana-andhra-pradesh-labourers/\" title=\"Chandranna Bima Yojana in Andhra Pradesh for Labourers\">Chandranna Bima Yojana in Andhra Pradesh for Labourers</a></h4>','<p>A new insurance scheme for labourers in the unorganised sector is all set to be launched by the state government of Andhra Pradesh. The scheme will be launched from August 1 to benefit 1.5 crore such labourers. Named as “Chandranna Bima Yojana”, will be launched on August 1 to benefit labourors in unorganized sectors such •  <a class=\"read-more\" href=\"http://www.sarkariyojna.co.in/chandranna-bima-yojana-andhra-pradesh-labourers/\"> Read More »</a></p>','2016-08-13','andhra-pradesh','all','all'),(93,'schemes','both','<h4 class=\"article-title\"><a href=\"http://www.sarkariyojna.co.in/pradhan-mantri-fasal-bima-yojana-andhra-pradesh-pilot-project/\" title=\"Pradhan Mantri Fasal Bima Yojana in Andhra Pradesh as Pilot Project\">Pradhan Mantri Fasal Bima Yojana in Andhra Pradesh as Pilot Project</a></h4>','<p>Pradhan Mantri Fasal Bima Yojana, a crop insurance scheme is all set to be started in Andhra Pradesh as pilot project. The scheme will be implemented to provide financial help to the farmers in the state. PMFBY, the central government scheme was launched in January 2016 to provide financial help to the farmers at low •  <a class=\"read-more\" href=\"http://www.sarkariyojna.co.in/pradhan-mantri-fasal-bima-yojana-andhra-pradesh-pilot-project/\"> Read More »</a></p>','2016-08-13','andhra-pradesh','all','all'),(94,'schemes','both','<h4 class=\"article-title\"><a href=\"http://www.sarkariyojna.co.in/ap-fibernet-project-15-100-mbps-broadband-low-cost/\" title=\"AP FiberNet Project for 15-100 MBPS Broadband at Low Cost\">AP FiberNet Project for 15-100 MBPS Broadband at Low Cost</a></h4>','<p>Andhra Pradesh Government has launched a high speed broadband project named AP Fibernet on 17th March. The project aims to provide affordable high speed broadband connectivity to the households and workplaces across the state. The rates decided to provide broadband connectivity are much lower than that of the other private and public broadband service providers. •  <a class=\"read-more\" href=\"http://www.sarkariyojna.co.in/ap-fibernet-project-15-100-mbps-broadband-low-cost/\"> Read More »</a></p>','2016-08-13','andhra-pradesh','all','all'),(95,'schemes','both','<h4 class=\"article-title\"><a href=\"http://www.sarkariyojna.co.in/pm-ujjwala-yojana-launched-bihar/\" title=\"PM Ujjwala Yojana Launched in Bihar – 50 Lakh LPG Connections to be Provided\">PM Ujjwala Yojana Launched in Bihar – 50 Lakh LPG Connections to be Provided</a></h4>','<p>Pradhan Mantri Ujjwala Yojana, an ambitious scheme of Narendra Modi Government to distribute LPG connections to BPL households has been launched in Bihar. Petroleum and Natural Gas minister Dharmendra Pradhan launched the LPG connection scheme on 27th June. According to the statement given by the minister during the launch of Ujjwala Yojana, Bihar would be •  <a class=\"read-more\" href=\"http://www.sarkariyojna.co.in/pm-ujjwala-yojana-launched-bihar/\"> Read More »</a></p>','2016-08-13','bihar','all','all'),(96,'schemes','both','<h4 class=\"article-title\"><a href=\"http://www.sarkariyojna.co.in/indira-awas-yojana-bihar-approves-construction-229931-homes/\" title=\"Indira Awas Yojana – Bihar Approves Construction of 2,29,931 Homes\">Indira Awas Yojana – Bihar Approves Construction of 2,29,931 Homes</a></h4>','<p>Bihar Government has approved the construction of 2,29,931 Homes under the Indira Awas Yojana. There was a target of building a total of 2,33,546 homes in the state under the Indira Awas Yojana. The approved number of homes is 98.45% of the total target. The government has received the fist installment of money in June •  <a class=\"read-more\" href=\"http://www.sarkariyojna.co.in/indira-awas-yojana-bihar-approves-construction-229931-homes/\"> Read More »</a></p>','2016-08-13','bihar','all','all'),(97,'schemes','both','<h4 class=\"article-title\"><a href=\"http://www.sarkariyojna.co.in/arya-scheme-attract-rural-youth-agriculture-jharkhand/\" title=\"ARYA Scheme to Attract Rural Youth in Agriculture in Jharkhand\">ARYA Scheme to Attract Rural Youth in Agriculture in Jharkhand</a></h4>','<p>The state government of Jharkhand is planning to launch a new scheme to attract rural youth in agriculture. The scheme named as “ARYA” – Attracting Rural Youth in Agriculture will be launched by the Chief Minister Raghubar Das soon. The objective of the ARYA scheme will be to promote the green revolution in the state. •  <a class=\"read-more\" href=\"http://www.sarkariyojna.co.in/arya-scheme-attract-rural-youth-agriculture-jharkhand/\"> Read More »</a></p>','2016-08-13','jharkhand','all','all'),(98,'schemes','both','<h4 class=\"article-title\"><a href=\"http://www.sarkariyojna.co.in/bhimrao-ambedkar-awas-yojana-widows-jharkhand/\" title=\"Bhimrao Ambedkar Awas Yojana for Widows in Jharkhand\">Bhimrao Ambedkar Awas Yojana for Widows in Jharkhand</a></h4>','<p>Jharkhand Chief Minister Raghubar Das launched a new housing scheme for widows named as ‘Bhimrao Ambedkar Awas Yojana’ on the 125th birth anniversary of B R Ambedkar. The state government has set aside a budget of Rs. 80 Crores for the scheme. A target of constructing 11,000 homes within current financial year has been set •  <a class=\"read-more\" href=\"http://www.sarkariyojna.co.in/bhimrao-ambedkar-awas-yojana-widows-jharkhand/\"> Read More »</a></p>','2016-08-13','jharkhand','all','all'),(99,'schemes','both','<h4 class=\"article-title\"><a href=\"http://www.sarkariyojna.co.in/ujala-scheme-led-bulbs-in-delhi-to-be-available-at-rs-75/\" title=\"Ujala Scheme LED Bulbs in Delhi to be Available at Rs. 75\">Ujala Scheme LED Bulbs in Delhi to be Available at Rs. 75</a></h4>','<p>State-run Energy Efficiency Services Ltd (EESL) will be distributing 9 Watt LED bulbs in the capital city from July onward. The LED (Light Emitting Diode) bulbs will be available to both the home consumers as well as to commercial entities at same rates. Under the central Governments’s UJALA (Unnat Jyoti by Affordable LED’s for All), •  <a class=\"read-more\" href=\"http://www.sarkariyojna.co.in/ujala-scheme-led-bulbs-in-delhi-to-be-available-at-rs-75/\"> Read More »</a></p>','2016-08-13','delhi','all','all'),(100,'schemes','both','<h4 class=\"article-title\"><a href=\"http://www.sarkariyojna.co.in/delhi-summer-festival-2016-june-24-26-dilli-haat/\" title=\"Delhi Summer Festival 2016 from June 24-26 at Dilli Haat\">Delhi Summer Festival 2016 from June 24-26 at Dilli Haat</a></h4>','<p>The Delhi Tourism department is all set to organize Delhi Summer Festival 2016 from June 24-26 at Dilli Haat in Janakpuri. Delhi tourism minister Kapil Mishra on Wednesday made the announcement that the yearly mango festival is being rechris­tened as the summer festival with added features. This will be an exclusive summer treat for all •  <a class=\"read-more\" href=\"http://www.sarkariyojna.co.in/delhi-summer-festival-2016-june-24-26-dilli-haat/\"> Read More »</a></p>','2016-08-13','delhi','all','all'),(101,'schemes','both','<h4 class=\"article-title\"><a href=\"http://www.sarkariyojna.co.in/aam-aadmi-swasthya-bima-yojana-health-insurance-scheme-delhi/\" title=\"Aam Aadmi Swasthya Bima Yojana – A Health Insurance Scheme by Delhi Government\">Aam Aadmi Swasthya Bima Yojana – A Health Insurance Scheme by Delhi Government</a></h4>','<p>Delhi Government is planning to launch an Aam Aadmi Health Insurance Scheme in the capital city to cover over 40 lakh families. Named as Aam Aadmi Swasthya Bima Yojana, the scheme will be launched to provide health insurance cover to people below certain income level. Aam Aadmi Swasthya Bima Yojana will be launched for the •  <a class=\"read-more\" href=\"http://www.sarkariyojna.co.in/aam-aadmi-swasthya-bima-yojana-health-insurance-scheme-delhi/\"> Read More »</a></p>','2016-08-13','delhi','all','all'),(102,'schemes','both','<h4 class=\"article-title\"><a href=\"http://www.sarkariyojna.co.in/sbi-loan-scheme-pm-jan-dhan-yojana-account-holders/\" title=\"SBI Loan Scheme for PM Jan Dhan Yojana Account Holders\">SBI Loan Scheme for PM Jan Dhan Yojana Account Holders</a></h4>','<p>State Bank of India is offering small personal and consumer loans to the bank customers having saving accounts under the Pradhan Mantri Jan Dhan Yojana. The bank has identified about 7 Lakh such account holders who can be given small loans to cater their personal needs. Under the Jan Dhan Yojana, the State Bank of •  <a class=\"read-more\" href=\"http://www.sarkariyojna.co.in/sbi-loan-scheme-pm-jan-dhan-yojana-account-holders/\"> Read More »</a></p>','2016-08-13','all','all','all'),(103,'schemes','both','<h4 class=\"article-title\"><a href=\"http://www.sarkariyojna.co.in/pm-ujjwala-yojana-lpg-scheme-west-bengal-bpl-households/\" title=\"PM Ujjwala Yojana LPG Scheme in West Bengal for 1.06 Crore BPL Households\">PM Ujjwala Yojana LPG Scheme in West Bengal for 1.06 Crore BPL Households</a></h4>','<p>One of the most ambitious scheme of Narendra Modi Government, Pradhan Mantri Ujjwala Yojana is all set to be launched in West Bengal on Sunday, 14th August. Petroleum and Natural Gas Minister Dharmendra Pradhan would launch PMUY LPG scheme in Kolkata to target 1.06 Crore BPL households in the state. LPG penetration in the state •  <a class=\"read-more\" href=\"http://www.sarkariyojna.co.in/pm-ujjwala-yojana-lpg-scheme-west-bengal-bpl-households/\"> Read More »</a></p>','2016-08-13','all','all','all'),(104,'schemes','both','<h4 class=\"article-title\"><a href=\"http://www.sarkariyojna.co.in/ujjwala-yojana-launched-chhattisgarh-august/\" title=\"Ujjwala Yojana to be Launched in Chhattisgarh in August\">Ujjwala Yojana to be Launched in Chhattisgarh in August</a></h4>','<p>Pradhan Mantri Ujjwala Yojana, a flagship social welfare scheme of Narendra Modi Government to provide free LPG connections to the BPL women in the country is all set to be launched in the state of Chhattisgarh in the first fortnight of August. The scheme was launched by the prime minister Narendra Modi on May 1st •  <a class=\"read-more\" href=\"http://www.sarkariyojna.co.in/ujjwala-yojana-launched-chhattisgarh-august/\"> Read More »</a></p>','2016-08-13','all','all','all'),(105,'schemes','both','<h4 class=\"article-title\"><a href=\"http://www.sarkariyojna.co.in/energy-efficient-50-watt-ceiling-fans-scheme-to-be-launched-in-5-more-states/\" title=\"Energy Efficient 50 Watt Ceiling Fans Scheme to be Launched in 5 More States\">Energy Efficient 50 Watt Ceiling Fans Scheme to be Launched in 5 More States</a></h4>','<p>EESL (Energy Efficiency Services Ltd) is all set to extend distribution of energy efficient 50 watt ceiling fans scheme to 5 more states including Haryana, Maharashtra, Rajsathan, Madhya Pradesh and Delhi. The scheme would be launched in these 5 states within next 2-3 months. According to EESL Managing Director Saurabh Kumar, the scheme has been •  <a class=\"read-more\" href=\"http://www.sarkariyojna.co.in/energy-efficient-50-watt-ceiling-fans-scheme-to-be-launched-in-5-more-states/\"> Read More »</a></p>','2016-08-13','all','all','all'),(106,'schemes','both','<h4 class=\"article-title\"><a href=\"http://www.sarkariyojna.co.in/right-light-scheme-launched-4-states/\" title=\"Right to Light Scheme to be Launched in UP &amp; 4 Other States\">Right to Light Scheme to be Launched in UP &amp; 4 Other States</a></h4>','<p>Right to Light, an initiative engineered by IIT Bombay will be launched by central government in poll bound state of Uttar Pradesh and 4 others. Under the Right to Light scheme, government will provide solar lamps for reading purpose to the school going students across the state. The scheme will be launched with the help •  <a class=\"read-more\" href=\"http://www.sarkariyojna.co.in/right-light-scheme-launched-4-states/\"> Read More »</a></p>','2016-08-13','all','all','all'),(107,'schemes','both','<h4 class=\"article-title\"><a href=\"http://www.sarkariyojna.co.in/indian-railways-passenger-insurance-scheme-pilot-september/\" title=\"Indian Railway’s Passenger Insurance Scheme Pilot from September\">Indian Railway’s Passenger Insurance Scheme Pilot from September</a></h4>','<p>Indian Railway is likely to start the pilot of Passenger Insurance Scheme from September to provide an insurance cover of Rs. 10 Lakh to the passengers with a minimal premium of just Rs. 10 per ticket. An insurance cover of Rs. 10 Lakh will be provided in case of permanent disability or death caused in •  <a class=\"read-more\" href=\"http://www.sarkariyojna.co.in/indian-railways-passenger-insurance-scheme-pilot-september/\"> Read More »</a></p>','2016-08-13','all','all','all'),(108,'schemes','both','<h4 class=\"article-title\"><a href=\"http://www.sarkariyojna.co.in/vidyalakshmi-scheme-interest-free-loan-scheme-iit-students/\" title=\"Vidyalakshmi Scheme – Interest Free Loan Scheme for IIT Students\">Vidyalakshmi Scheme – Interest Free Loan Scheme for IIT Students</a></h4>','<p>Ministry of HRD has decided to launch a new scheme named as Vidyalakshmi to assist IIT students in getting loans to pay the fee. Under the Vidyalakshmi scheme, the Ministry will help students in getting interest free loans from the banks to pay their fee. The ministry has taken into consideration the launch of the •  <a class=\"read-more\" href=\"http://www.sarkariyojna.co.in/vidyalakshmi-scheme-interest-free-loan-scheme-iit-students/\"> Read More »</a></p>','2016-08-13','all','all','all'),(109,'schemes','both','<h4 class=\"article-title\"><a href=\"http://www.sarkariyojna.co.in/14-13-lakh-lpg-connections-released-ujjwala-yojana/\" title=\"14.13 Lakh LPG Connections Released Under Ujjwala Yojana\">14.13 Lakh LPG Connections Released Under Ujjwala Yojana</a></h4>','<p>About 14.13 lakh BPL families have received the free LPG connections under the flagship scheme Pradhan Mantri Ujjwala Yojana of Narendra Modi Government. The scheme for LPG connection distribution to BPL families is currently under operation in 487 districts of 17 states. Launched on 1st May, under the Ujjwala Yojana, the central government is providing •  <a class=\"read-more\" href=\"http://www.sarkariyojna.co.in/14-13-lakh-lpg-connections-released-ujjwala-yojana/\"> Read More »</a></p>','2016-08-13','all','all','all'),(110,'schemes','both','<h4 class=\"article-title\"><a href=\"http://www.sarkariyojna.co.in/crop-loan-scheme-2016-17-farmers-approved/\" title=\"Crop Loan Scheme 2016-17 for Farmers Approved by Cabinet\">Crop Loan Scheme 2016-17 for Farmers Approved by Cabinet</a></h4>','<p>A farmer centered Interest Subvention Scheme has been approved by the Prime Minster Narendra Modi for farmers for the year 2016-17. An amount of Rs. 18,276 crore has been earmarked for the scheme. Under the scheme, the farmers will be able to get a short term crop loan of upto Rs. 3 lakh for one •  <a class=\"read-more\" href=\"http://www.sarkariyojna.co.in/crop-loan-scheme-2016-17-farmers-approved/\"> Read More »</a></p>','2016-08-13','all','all','all'),(111,'schemes','both','<h4 class=\"article-title\"><a href=\"http://www.sarkariyojna.co.in/national-apprenticeship-promotion-scheme-naps/\" title=\"National Apprenticeship Promotion Scheme (NAPS) – 50 Lakh Apprentices by 2019-20\">National Apprenticeship Promotion Scheme (NAPS) – 50 Lakh Apprentices by 2019-20</a></h4>','<p>The union government has approved a new scheme named as National Apprenticeship Promotion Scheme (NAPS) for promoting industrial training. The scheme is aimed at providing training to students in their field which will further help them in the placement and obtaining a suitable job. National Apprenticeship Promotion Scheme has been approved by Union Cabinet with •  <a class=\"read-more\" href=\"http://www.sarkariyojna.co.in/national-apprenticeship-promotion-scheme-naps/\"> Read More »</a></p>','2016-08-13','all','all','all'),(112,'schemes','both','<h4 class=\"article-title\"><a href=\"http://www.sarkariyojna.co.in/pm-ujjwala-yojana-lpg-scheme-west-bengal-bpl-households/\" title=\"PM Ujjwala Yojana LPG Scheme in West Bengal for 1.06 Crore BPL Households\">PM Ujjwala Yojana LPG Scheme in West Bengal for 1.06 Crore BPL Households</a></h4>','<p>One of the most ambitious scheme of Narendra Modi Government, Pradhan Mantri Ujjwala Yojana is all set to be launched in West Bengal on Sunday, 14th August. Petroleum and Natural Gas Minister Dharmendra Pradhan would launch PMUY LPG scheme in Kolkata to target 1.06 Crore BPL households in the state. LPG penetration in the state •  <a class=\"read-more\" href=\"http://www.sarkariyojna.co.in/pm-ujjwala-yojana-lpg-scheme-west-bengal-bpl-households/\"> Read More »</a></p>','2016-08-13','all','all','all'),(113,'schemes','both','<h4 class=\"article-title\"><a href=\"http://www.sarkariyojna.co.in/ujjwala-yojana-launched-chhattisgarh-august/\" title=\"Ujjwala Yojana to be Launched in Chhattisgarh in August\">Ujjwala Yojana to be Launched in Chhattisgarh in August</a></h4>','<p>Pradhan Mantri Ujjwala Yojana, a flagship social welfare scheme of Narendra Modi Government to provide free LPG connections to the BPL women in the country is all set to be launched in the state of Chhattisgarh in the first fortnight of August. The scheme was launched by the prime minister Narendra Modi on May 1st •  <a class=\"read-more\" href=\"http://www.sarkariyojna.co.in/ujjwala-yojana-launched-chhattisgarh-august/\"> Read More »</a></p>','2016-08-13','all','all','all'),(114,'schemes','both','<h4 class=\"article-title\"><a href=\"http://www.sarkariyojna.co.in/14-13-lakh-lpg-connections-released-ujjwala-yojana/\" title=\"14.13 Lakh LPG Connections Released Under Ujjwala Yojana\">14.13 Lakh LPG Connections Released Under Ujjwala Yojana</a></h4>','<p>About 14.13 lakh BPL families have received the free LPG connections under the flagship scheme Pradhan Mantri Ujjwala Yojana of Narendra Modi Government. The scheme for LPG connection distribution to BPL families is currently under operation in 487 districts of 17 states. Launched on 1st May, under the Ujjwala Yojana, the central government is providing •  <a class=\"read-more\" href=\"http://www.sarkariyojna.co.in/14-13-lakh-lpg-connections-released-ujjwala-yojana/\"> Read More »</a></p>','2016-08-13','all','all','all'),(115,'schemes','both','<h4 class=\"article-title\"><a href=\"http://www.sarkariyojna.co.in/pradhan-mantri-gram-parivahan-yojana-80000-commercial-pv-rural-areas/\" title=\"Pradhan Mantri Gram Parivahan Yojana for 80,000 Commercial PVs in Rural Areas\">Pradhan Mantri Gram Parivahan Yojana for 80,000 Commercial PVs in Rural Areas</a></h4>','<p>The central government is planning to launch a new scheme to provide commercial pessanger vehicles in rural areas at subsidized rates. To be named as “Pradhan Mantri Gram Parivahan Yojana“, the scheme has been proposed to create a better transport systems in the rural areas across the country. Under the Pradhan Mantri Gram Parivahan Yojana •  <a class=\"read-more\" href=\"http://www.sarkariyojna.co.in/pradhan-mantri-gram-parivahan-yojana-80000-commercial-pv-rural-areas/\"> Read More »</a></p>','2016-08-13','all','all','all'),(116,'schemes','both','<h4 class=\"article-title\"><a href=\"http://www.sarkariyojna.co.in/pm-ujjwala-yojana-launched-madhya-pradesh/\" title=\"PM Ujjwala Yojana Launched in Madhya Pradesh\">PM Ujjwala Yojana Launched in Madhya Pradesh</a></h4>','<p>Pradhan Mantri Ujjwala Yojana (PMUY) has been launched in Madhya Pradesh by the Chief Minister of Madhya Pradesh at Shahdol in the presence of Shri Dharmendra Pradhan, Minister of State (Independent Charge), Ministry of Petroleum and Natural Gas. At the event in Shahdol, the launch of PMUY was marked by distributing the LPG connections to •  <a class=\"read-more\" href=\"http://www.sarkariyojna.co.in/pm-ujjwala-yojana-launched-madhya-pradesh/\"> Read More »</a></p>','2016-08-13','all','all','all'),(117,'schemes','both','<h4 class=\"article-title\"><a href=\"http://www.sarkariyojna.co.in/pm-ujjwala-yojana-toll-free-helpline-number-released/\" title=\"PM Ujjwala Yojana Toll Free Helpline Number Released\">PM Ujjwala Yojana Toll Free Helpline Number Released</a></h4>','<p>Ministry of Petroleum and Natural Gas has released the toll free helpline number for the Pradhan Mantri Ujjwala Yojana beneficiaries. The candidates from BPL households can call toll free at 1800 266 6696 to discuss any of their queries about the PM Ujjwala Yojana. However, there is already a 24×7 toll free number available for •  <a class=\"read-more\" href=\"http://www.sarkariyojna.co.in/pm-ujjwala-yojana-toll-free-helpline-number-released/\"> Read More »</a></p>','2016-08-13','all','all','all'),(118,'schemes','both','<h4 class=\"article-title\"><a href=\"http://www.sarkariyojna.co.in/pradhan-mantri-surakshit-matritva-abhiyan-pmsma/\" title=\"Pradhan Mantri Surakshit Matritva Abhiyan (PMSMA) – Free Health Checkup for Pregnant Women\">Pradhan Mantri Surakshit Matritva Abhiyan (PMSMA) – Free Health Checkup for Pregnant Women</a></h4>','<p>Pradhan Mantri Surakshit Matritva Abhiyan or Yojana is a new initiative of the Narendra Modi Government launched on June 9, 2016. The scheme has been launched with the objective of boosting the health care facilities for the pregnant women, especially the poor. Under the Pradhan Mantri Surakshit Matritva Abhiyan, the pregnant ladies will be given •  <a class=\"read-more\" href=\"http://www.sarkariyojna.co.in/pradhan-mantri-surakshit-matritva-abhiyan-pmsma/\"> Read More »</a></p>','2016-08-13','all','all','all'),(119,'schemes','both','<h4 class=\"article-title\"><a href=\"http://www.sarkariyojna.co.in/download-bpl-list-pm-ujjwala-yojana-secc-2011-data/\" title=\"Download BPL List of PM Ujjwala Yojana OR SECC-2011 Data\">Download BPL List of PM Ujjwala Yojana OR SECC-2011 Data</a></h4>','<p>Pradhan Mantri Ujjwala Yojana, an LPG connection scheme for BPL families is gaining a lot of traction from around the country. Under the scheme, the central government is providing LPG connections to BPL families with a financial assistance of Rs. 1600/- per connection per household. However, only the BPL families whose name is in the •  <a class=\"read-more\" href=\"http://www.sarkariyojna.co.in/download-bpl-list-pm-ujjwala-yojana-secc-2011-data/\"> Read More »</a></p>','2016-08-13','all','all','all'),(120,'schemes','both','<h4 class=\"article-title\"><a href=\"http://www.sarkariyojna.co.in/pm-ujjwala-yojana-odisha-launched-june-20/\" title=\"PM Ujjwala Yojana in Odisha to be Launched on June 20\">PM Ujjwala Yojana in Odisha to be Launched on June 20</a></h4>','<p>In a series of state level launches of Pradhan Mantri Ujjwala Yojana, the scheme is all set to be launched in Odisha this month. The Ujjwala Yojana, a scheme for distribution of free LPG connections to BPL families will be launched on 20th June from Sambalpur. Union Tribal Affairs Minister Jual Oram and Oil Minister •  <a class=\"read-more\" href=\"http://www.sarkariyojna.co.in/pm-ujjwala-yojana-odisha-launched-june-20/\"> Read More »</a></p>','2016-08-13','all','all','all'),(121,'schemes','both','<h4 class=\"article-title\"><a href=\"http://www.sarkariyojna.co.in/pradhan-mantri-ujjwala-yojana-pmuy-launching-uttarakhand/\" title=\"Pradhan Mantri Ujjwala Yojana Launching in Uttarakhand\">Pradhan Mantri Ujjwala Yojana Launching in Uttarakhand</a></h4>','<p>Pradhan Mantri Ujjwala Yojana is all set to be launched in Uttarakhand today by Shri Dharmendra Pradhan, Minister of State, Petroleum and Natural Gas. The scheme for distribution of free LPG connections to BPL women will be launched from Ramleela Ground, Ganesh Bazaar, Srinagar, Puri between 11 AM to 1PM. Some other ministers of state •  <a class=\"read-more\" href=\"http://www.sarkariyojna.co.in/pradhan-mantri-ujjwala-yojana-pmuy-launching-uttarakhand/\"> Read More »</a></p>','2016-08-13','all','all','all');
/*!40000 ALTER TABLE `myapp_data` ENABLE KEYS */;
UNLOCK TABLES;

--
-- Table structure for table `myapp_projects`
--

DROP TABLE IF EXISTS `myapp_projects`;
/*!40101 SET @saved_cs_client     = @@character_set_client */;
/*!40101 SET character_set_client = utf8 */;
CREATE TABLE `myapp_projects` (
  `id` int(11) NOT NULL AUTO_INCREMENT,
  `title` varchar(1000) NOT NULL,
  `description` varchar(2000) NOT NULL,
  `for_whom` varchar(100) NOT NULL,
  `deadline` date NOT NULL,
  PRIMARY KEY (`id`)
) ENGINE=InnoDB DEFAULT CHARSET=latin1;
/*!40101 SET character_set_client = @saved_cs_client */;

--
-- Dumping data for table `myapp_projects`
--

LOCK TABLES `myapp_projects` WRITE;
/*!40000 ALTER TABLE `myapp_projects` DISABLE KEYS */;
/*!40000 ALTER TABLE `myapp_projects` ENABLE KEYS */;
UNLOCK TABLES;

--
-- Table structure for table `myapp_user`
--

DROP TABLE IF EXISTS `myapp_user`;
/*!40101 SET @saved_cs_client     = @@character_set_client */;
/*!40101 SET character_set_client = utf8 */;
CREATE TABLE `myapp_user` (
  `id` int(11) NOT NULL AUTO_INCREMENT,
  `username` varchar(100) NOT NULL,
  `password` varchar(255) NOT NULL,
  PRIMARY KEY (`id`)
) ENGINE=InnoDB AUTO_INCREMENT=2 DEFAULT CHARSET=latin1;
/*!40101 SET character_set_client = @saved_cs_client */;

--
-- Dumping data for table `myapp_user`
--

LOCK TABLES `myapp_user` WRITE;
/*!40000 ALTER TABLE `myapp_user` DISABLE KEYS */;
INSERT INTO `myapp_user` VALUES (1,'Lalitc375','Lalit');
/*!40000 ALTER TABLE `myapp_user` ENABLE KEYS */;
UNLOCK TABLES;
/*!40103 SET TIME_ZONE=@OLD_TIME_ZONE */;

/*!40101 SET SQL_MODE=@OLD_SQL_MODE */;
/*!40014 SET FOREIGN_KEY_CHECKS=@OLD_FOREIGN_KEY_CHECKS */;
/*!40014 SET UNIQUE_CHECKS=@OLD_UNIQUE_CHECKS */;
/*!40101 SET CHARACTER_SET_CLIENT=@OLD_CHARACTER_SET_CLIENT */;
/*!40101 SET CHARACTER_SET_RESULTS=@OLD_CHARACTER_SET_RESULTS */;
/*!40101 SET COLLATION_CONNECTION=@OLD_COLLATION_CONNECTION */;
/*!40111 SET SQL_NOTES=@OLD_SQL_NOTES */;

-- Dump completed on 2016-08-14  5:58:54
